"Subject","Total_MC","Ablation_Level"
2,1.51613515654132,0
3,2.60134438864515,0
4,1.71394156485803,0
5,3.07359049917055,0
7,1.20776266692509,0
9,2.15077431715954,0
10,2.4979465847078,0
11,2.15592357059432,0
12,2.47624269745761,0
17,1.80062294462421,0
20,1.51256479659976,0
22,2.5224395099465,0
23,2.58894550990068,0
24,2.8173752902443,0
26,2.45000178498843,0
27,1.69515781345122,0
28,2.71531417643884,0
29,2.29280292508675,0
32,2.39750324009627,0
36,5.24030953154523,0
38,2.68099514022889,0
39,1.76849299013058,0
40,2.71595788465003,0
42,2.48491168088398,0
44,1.35835970344323,0
46,3.54146809268877,0
50,1.21369074106485,0
52,2.03936109483945,0
53,2.0321686929478,0
54,2.58623491921329,0
55,2.40629633260488,0
58,2.05953328705023,0
61,1.94940115671234,0
63,1.84310018874374,0
65,1.94529153965561,0
67,2.08181661627188,0
68,2.22541673321709,0
71,2.58476190222775,0
74,2.08175086686062,0
77,2.28438876359693,0
78,1.93526625092051,0
82,1.61635200644339,0
83,2.14167873672866,0
85,2.0624490276936,0
86,1.73874494493213,0
89,2.6983874725089,0
90,2.62947694538897,0
95,2.40398989768092,0
96,2.60230429964468,0
100,2.20462209210318,0
2,1.57020923344098,1
3,2.62452266876546,1
4,1.66512965808669,1
5,3.16442510661235,1
7,1.21949148258659,1
9,2.13396607747902,1
10,2.52811390908588,1
11,2.15822768204543,1
12,2.51701426912515,1
17,1.78711961587393,1
20,1.53240300047354,1
22,2.56659469722626,1
23,2.5249625479409,1
24,2.78883322543682,1
26,2.43710996430476,1
27,1.73828075412018,1
28,2.69378767265388,1
29,2.29102932970829,1
32,2.40915805351941,1
36,5.24201064449751,1
38,2.61118504303735,1
39,1.77704205697657,1
40,2.68915771577851,1
42,2.47780592018486,1
44,1.36836041302709,1
46,3.60389452500695,1
50,1.22961229030825,1
52,1.96090031515653,1
53,2.16826082180016,1
54,2.61848966744061,1
55,2.42657578148372,1
58,2.04938732983941,1
61,1.97109831261561,1
63,1.94717100442394,1
65,2.00477658448261,1
67,2.2155375070942,1
68,2.16953575209634,1
71,2.49572370412901,1
74,2.06880505200872,1
77,2.28923548857127,1
78,1.93465743953482,1
82,1.60998742770966,1
83,2.19865206500009,1
85,2.06270046595123,1
86,1.69415824254197,1
89,2.65494247187876,1
90,2.55859170247185,1
95,2.34324705238427,1
96,2.60944216914513,1
100,2.21089167048424,1
2,1.65601348876698,2
3,2.66652602067342,2
4,1.69105057457779,2
5,3.053791611599,2
7,1.20573210088488,2
9,2.14121421575601,2
10,2.40491156165427,2
11,2.14705867883599,2
12,2.44336981980527,2
17,1.79306154587032,2
20,1.53818837126089,2
22,2.56693413569669,2
23,2.5243766147474,2
24,2.82807132005499,2
26,2.47479143334386,2
27,1.73384393607985,2
28,2.71316204706624,2
29,2.31037124421649,2
32,2.37169889452504,2
36,5.20269501098768,2
38,2.40139143364243,2
39,1.71560692476082,2
40,2.77465958143305,2
42,2.48390028876344,2
44,1.39401315727815,2
46,3.50812070305568,2
50,1.20953951445644,2
52,1.99141776142827,2
53,2.08432497697333,2
54,2.58401539994302,2
55,2.38746437125938,2
58,2.07091040394891,2
61,1.8321938578636,2
63,1.88814716181011,2
65,1.92944636938555,2
67,2.24833195246191,2
68,2.16095818477226,2
71,2.49262798110063,2
74,2.008666437339,2
77,2.27468886733633,2
78,1.94692466257535,2
82,1.62209271261049,2
83,2.17513481354933,2
85,2.02641404156377,2
86,1.52661726676453,2
89,2.70543171735903,2
90,2.60545043973569,2
95,2.20207044959273,2
96,2.64742554452549,2
100,2.21069387118922,2
2,1.6910092102834,3
3,2.65728557867584,3
4,1.67579934300499,3
5,3.13040480296408,3
7,1.2258481943633,3
9,2.12797505504123,3
10,2.5476821721401,3
11,2.08979252652953,3
12,2.44904142615496,3
17,1.79513232969092,3
20,1.52393762793604,3
22,2.54526080591239,3
23,2.50096559645032,3
24,2.84073984501021,3
26,2.39233193011616,3
27,1.70816226273069,3
28,2.70839099556894,3
29,2.28475352199774,3
32,2.30559061346925,3
36,5.21963437820706,3
38,2.51019621243415,3
39,2.02032344575835,3
40,2.71517852333674,3
42,2.46101593350378,3
44,1.4195526171338,3
46,3.56625517270365,3
50,1.22598860358031,3
52,1.98545453006605,3
53,2.11418969297366,3
54,2.42112289670153,3
55,2.32635402030341,3
58,2.06069374489316,3
61,1.8065710367648,3
63,1.90049602957107,3
65,1.93894261107636,3
67,2.25564750057852,3
68,2.1814049701484,3
71,2.45916503622362,3
74,2.03843142009906,3
77,2.2604764411198,3
78,1.91116050422,3
82,1.53684341990415,3
83,2.13936000634121,3
85,2.05243320785475,3
86,1.50790611240417,3
89,2.73507132404456,3
90,2.58799298320089,3
95,2.18061527403042,3
96,2.63948535258939,3
100,2.16531218578752,3
2,1.68075615645207,4
3,2.70516677884725,4
4,1.66195544268245,4
5,3.21609040483781,4
7,1.26692423330677,4
9,2.17567059942644,4
10,2.46754722183115,4
11,2.05669064915974,4
12,2.45688538138313,4
17,1.78991073572288,4
20,1.52928199122366,4
22,2.57104361861544,4
23,2.60767553768441,4
24,2.80189655799145,4
26,2.34273181120813,4
27,1.70961383782659,4
28,2.69186834643244,4
29,2.30151360212911,4
32,2.26336300890966,4
36,5.22411649396296,4
38,2.39142156347319,4
39,1.8170612063499,4
40,2.68016534961606,4
42,2.45625941236696,4
44,1.44060923503668,4
46,3.58006727720604,4
50,1.23371901867759,4
52,1.95532386765147,4
53,2.12058380000327,4
54,2.42508180849427,4
55,2.27155909966858,4
58,1.96791666245426,4
61,1.78079667943436,4
63,1.89476547746031,4
65,1.9591941822751,4
67,2.10281089236499,4
68,2.21198848029589,4
71,2.44565793970091,4
74,2.02269124516162,4
77,2.22969367303555,4
78,1.91736123960497,4
82,1.57455324704911,4
83,2.06088144386075,4
85,1.99221776228531,4
86,1.51949341853693,4
89,2.71401184983914,4
90,2.59499905007616,4
95,2.29307071550814,4
96,2.60049252995242,4
100,2.15492328968929,4
2,1.69463224860528,5
3,2.71964739687249,5
4,1.64792808724337,5
5,3.22345021543148,5
7,1.25306062474125,5
9,2.15654576779725,5
10,2.52670144688257,5
11,2.0706302060723,5
12,2.45187330644448,5
17,1.7121751315574,5
20,1.5266918164314,5
22,2.50956670598628,5
23,2.56819603062941,5
24,2.73667571669614,5
26,2.39164032443337,5
27,1.68534020964784,5
28,2.6456003759548,5
29,2.30867721411913,5
32,2.192778031312,5
36,5.19138876950767,5
38,2.52980968678677,5
39,1.78491884924101,5
40,2.64452118545704,5
42,2.42765666375969,5
44,1.35407300552038,5
46,3.58139362868103,5
50,1.29063254822499,5
52,1.99539258271805,5
53,2.03240924465728,5
54,2.33056065053743,5
55,2.09914689523832,5
58,1.92181179627034,5
61,1.80066483487804,5
63,1.99137397935452,5
65,1.92147340642601,5
67,2.12874744603452,5
68,2.22222127260038,5
71,2.44812839714595,5
74,2.01052676809747,5
77,2.20667385130698,5
78,1.8840458713797,5
82,1.54158545489499,5
83,2.0203100361073,5
85,1.95751776795421,5
86,1.65199661365897,5
89,2.72736369565761,5
90,2.53931415114984,5
95,2.47149209779457,5
96,2.6169180011836,5
100,2.13940730940972,5
2,1.75894806013628,6
3,2.65718474362929,6
4,1.59523381600118,6
5,3.18733931332039,6
7,1.26810241717695,6
9,2.12165141256656,6
10,2.42102217781697,6
11,2.07506011118836,6
12,2.43128758007439,6
17,1.7122786815753,6
20,1.53839735177547,6
22,2.54671047306707,6
23,2.58509319168814,6
24,2.7800751688659,6
26,2.51274264520844,6
27,1.69112268511048,6
28,2.62932774272034,6
29,2.27040014911243,6
32,2.1713715512175,6
36,5.17833685032011,6
38,2.57837874669164,6
39,1.7776499556447,6
40,2.79104163646184,6
42,2.40831253643729,6
44,1.31773142466732,6
46,3.56652751107099,6
50,1.26831965356765,6
52,1.96850262292106,6
53,1.9259881952201,6
54,2.37503811379354,6
55,2.13906591351652,6
58,1.94538659464728,6
61,1.88018017476681,6
63,1.96969684496647,6
65,1.72748782224506,6
67,2.15626525863399,6
68,2.18328080703562,6
71,2.42556680288672,6
74,1.95887384844225,6
77,2.18062584957404,6
78,1.88475267348124,6
82,1.54412818410749,6
83,2.0286994059849,6
85,1.934226179608,6
86,1.78080918842703,6
89,2.7355603777181,6
90,2.52146052673779,6
95,2.48437646664904,6
96,2.61166773361568,6
100,2.09379497522034,6
2,1.72516398374998,7
3,2.73300733156785,7
4,1.50168184175424,7
5,3.20337446769141,7
7,1.28046968850697,7
9,2.12781004973878,7
10,2.60837823584514,7
11,2.06646403586726,7
12,2.39101729367161,7
17,1.68257099288297,7
20,1.54156251627019,7
22,2.52590145132976,7
23,2.57337321034142,7
24,2.75410179411339,7
26,2.52118330530347,7
27,1.71864694997571,7
28,2.64180116796983,7
29,2.26765632391868,7
32,2.16789767841621,7
36,5.17007232970038,7
38,2.47919502746316,7
39,1.76739334077966,7
40,2.79365399729966,7
42,2.38642576373345,7
44,1.30584087709336,7
46,3.51692573389165,7
50,1.27289045612531,7
52,1.9682998661994,7
53,1.97746831562116,7
54,2.39864837198396,7
55,2.07509617528607,7
58,1.97623586974206,7
61,1.84495554391478,7
63,1.99208588508633,7
65,1.69895432888564,7
67,2.21596442964285,7
68,2.24831416489273,7
71,2.3473701682557,7
74,1.94886311854739,7
77,2.16973995179525,7
78,1.87667235868793,7
82,1.52118162301489,7
83,2.0340082910932,7
85,1.95668396437254,7
86,1.78057238392963,7
89,2.75225522081015,7
90,2.51737185968763,7
95,2.51483092521673,7
96,2.52907264655915,7
100,2.07112569169268,7
2,1.73852136388305,8
3,2.58472872511596,8
4,1.38891129603412,8
5,3.23353558861254,8
7,1.28945842977388,8
9,2.17261443341476,8
10,2.57411901433455,8
11,2.02692846297617,8
12,2.32819815977006,8
17,1.67108458818482,8
20,1.51497239363837,8
22,2.54258113487945,8
23,2.53568397152499,8
24,2.70256646779364,8
26,2.46826209795594,8
27,1.72652714456388,8
28,2.6237267134152,8
29,2.25781949661603,8
32,2.15798558642077,8
36,5.21039954324857,8
38,2.42201733110479,8
39,1.76865516444769,8
40,2.74366708893466,8
42,2.3761414400657,8
44,1.29538971717586,8
46,3.54784281755952,8
50,1.30355240739287,8
52,1.93627884037986,8
53,1.97495439394205,8
54,2.38714256001014,8
55,2.12407693014255,8
58,2.1076546048832,8
61,1.68503985494047,8
63,1.8848690278632,8
65,1.65413887317092,8
67,2.23999374517539,8
68,2.24110517170794,8
71,2.34487022047034,8
74,1.96728180187512,8
77,2.18972289043951,8
78,1.88222739848,8
82,1.47038552509529,8
83,2.05067224292982,8
85,1.97643164330711,8
86,1.72947613138477,8
89,2.74575243296825,8
90,2.51746829293043,8
95,2.4232838233717,8
96,2.44765610400645,8
100,2.09850251121983,8
2,1.76116260743657,9
3,2.61873409018649,9
4,1.27114982356628,9
5,3.22096678164023,9
7,1.30848048214468,9
9,2.15317723109455,9
10,2.4914411334444,9
11,2.12311527123141,9
12,2.40219507772153,9
17,1.67589487021023,9
20,1.52983321121914,9
22,2.50346900011491,9
23,2.56914085378702,9
24,2.62938537910011,9
26,2.36544849884737,9
27,1.70615469516642,9
28,2.62623472066793,9
29,2.30692720000638,9
32,2.10017234175737,9
36,5.24579979174179,9
38,2.45160709653749,9
39,1.69047075157884,9
40,2.89503511800494,9
42,2.37090764652996,9
44,1.29369589748307,9
46,3.58443319658715,9
50,1.31097299655553,9
52,1.90987191887396,9
53,1.88072723967926,9
54,2.32334135591506,9
55,2.08396727077434,9
58,2.08814800867324,9
61,1.56930616034944,9
63,1.9114900767577,9
65,1.63298723638128,9
67,2.16059461531583,9
68,2.25201222868967,9
71,2.38550083575484,9
74,1.95410728332626,9
77,2.15070659029858,9
78,1.92216767154877,9
82,1.47244161836707,9
83,2.06436236609464,9
85,2.00277950191843,9
86,1.68924901260081,9
89,2.6934193188107,9
90,2.51078933764967,9
95,2.29393388211414,9
96,2.47795713375246,9
100,2.06238135038232,9
2,1.78869180590462,10
3,2.66518892884618,10
4,1.36756751332728,10
5,3.17163045113315,10
7,1.28769627332594,10
9,2.17180530836663,10
10,2.52897155659319,10
11,2.06881196227114,10
12,2.40738500375448,10
17,1.6629261365984,10
20,1.53287091833877,10
22,2.55937980868599,10
23,2.55571773297847,10
24,2.68499569799798,10
26,2.37183133728366,10
27,1.69407465518055,10
28,2.68957223553416,10
29,2.28968939483164,10
32,2.06984725204471,10
36,5.25508668692516,10
38,2.48832018487834,10
39,1.67016084343922,10
40,2.93213705477346,10
42,2.37831368861476,10
44,1.29698475676443,10
46,3.54572632996649,10
50,1.29913281693185,10
52,1.92156877796203,10
53,1.94714252912232,10
54,2.3511644388163,10
55,2.13869141539313,10
58,2.07157724409849,10
61,1.57535554993086,10
63,1.93615816007285,10
65,1.58910048992167,10
67,2.18926692135926,10
68,2.21454617076019,10
71,2.39028700284966,10
74,1.94218188341966,10
77,2.13942604945384,10
78,1.90432973965435,10
82,1.51269448287404,10
83,2.08215109129205,10
85,2.02820142586134,10
86,1.71566338374127,10
89,2.72221169082377,10
90,2.53180750513229,10
95,2.31368071866701,10
96,2.43750166265472,10
100,2.08653011019585,10
2,1.79244744808587,11
3,2.60648379644448,11
4,1.45673838196485,11
5,3.20720756119228,11
7,1.26443295371834,11
9,2.16412829530107,11
10,2.48655797488832,11
11,2.12980880173821,11
12,2.35514641421467,11
17,1.67572462182435,11
20,1.55539440158728,11
22,2.5178742561822,11
23,2.49655559330719,11
24,2.7053136103959,11
26,2.35649858774513,11
27,1.62830744190244,11
28,2.68816329763539,11
29,2.28035019773219,11
32,1.96617312204553,11
36,5.2946575280487,11
38,2.56122612970049,11
39,1.60406557062003,11
40,2.82804767265783,11
42,2.36497295727631,11
44,1.28518045708476,11
46,3.55603288187184,11
50,1.29576047212814,11
52,1.92760906745278,11
53,1.75415300543674,11
54,2.40699475542859,11
55,2.20460478927408,11
58,2.05114422999366,11
61,1.63267568489747,11
63,1.94872144416866,11
65,1.68267656849186,11
67,2.30122139977242,11
68,2.20726226659602,11
71,2.39076741392361,11
74,1.90951602393099,11
77,2.14205210537622,11
78,1.97528622378302,11
82,1.50426753439723,11
83,2.05160216598052,11
85,2.06646568211473,11
86,1.71105684319489,11
89,2.7321304937707,11
90,2.48494280521467,11
95,2.25086334158635,11
96,2.46095314060798,11
100,2.06661508160789,11
2,1.83137009744998,12
3,2.57863878923854,12
4,1.58085755852565,12
5,3.19586964660341,12
7,1.24796430766242,12
9,2.17421007977163,12
10,2.50358756362968,12
11,2.14747618521356,12
12,2.29384085412059,12
17,1.66280229052423,12
20,1.48300194213754,12
22,2.51191369111443,12
23,2.47387049700988,12
24,2.86937804628865,12
26,2.34461324717491,12
27,1.61351511186684,12
28,2.69659484930509,12
29,2.27484502080736,12
32,2.01138621075098,12
36,5.22512386738073,12
38,2.58412621786699,12
39,1.63367172458091,12
40,2.75519604469137,12
42,2.35654838901097,12
44,1.28816050449144,12
46,3.49395389664283,12
50,1.28178016432657,12
52,1.93033990714843,12
53,1.71581709419424,12
54,2.26174954374851,12
55,2.06296434861746,12
58,1.96500394728311,12
61,1.68568064854883,12
63,1.98755556456281,12
65,1.80650992515913,12
67,2.19317589489119,12
68,2.24086670744452,12
71,2.37549103532456,12
74,1.9107196659925,12
77,2.11652456541226,12
78,1.99326020110193,12
82,1.5012832396945,12
83,2.05131561247033,12
85,2.05801123895081,12
86,1.70694971901563,12
89,2.69912769822526,12
90,2.4726378078148,12
95,2.23300240221325,12
96,2.455581294009,12
100,2.06134731962037,12
2,1.7836233588544,13
3,2.65273172760068,13
4,1.66353376610003,13
5,3.18465044693237,13
7,1.22547182418447,13
9,2.13007608232305,13
10,2.38708880328368,13
11,2.15048839258011,13
12,2.31611288811839,13
17,1.63660543590905,13
20,1.43686588486047,13
22,2.46371774304288,13
23,2.44616696419021,13
24,2.89036474686781,13
26,2.34399702253748,13
27,1.57405717030304,13
28,2.73110772453865,13
29,2.24842344797461,13
32,1.94693557816857,13
36,5.20652249122128,13
38,2.44575889087385,13
39,1.65291432834463,13
40,2.73681081581464,13
42,2.33680754754012,13
44,1.30661274399974,13
46,3.50019560577237,13
50,1.28072534027375,13
52,1.94043894392457,13
53,1.72486220112527,13
54,2.24606395159842,13
55,2.03617670332025,13
58,1.92126248575777,13
61,1.7743238118708,13
63,1.91424739904016,13
65,1.81409959854141,13
67,2.09304021737106,13
68,2.29449212103297,13
71,2.38895473587622,13
74,1.8758214230974,13
77,2.0730774341766,13
78,2.02762467890415,13
82,1.46569828657053,13
83,1.96331630318051,13
85,2.1113571715686,13
86,1.56961013598327,13
89,2.70111915332941,13
90,2.47196338945156,13
95,2.25976289600775,13
96,2.45918690151503,13
100,2.04255921662781,13
2,1.84428445263578,14
3,2.6476622591121,14
4,1.69804572061672,14
5,3.17921456225295,14
7,1.23967494731666,14
9,2.12506610100861,14
10,2.39284057976367,14
11,2.14775036665363,14
12,2.25752602871125,14
17,1.6628294829274,14
20,1.3433798303794,14
22,2.47500374604017,14
23,2.38223109296918,14
24,2.75184860180607,14
26,2.30000766777879,14
27,1.54996263251487,14
28,2.71862397782953,14
29,2.26067274783459,14
32,2.00724824645288,14
36,5.21709979717682,14
38,2.42515707040056,14
39,1.66640858500996,14
40,2.69526552150681,14
42,2.30756908672744,14
44,1.31363151396128,14
46,3.45296432889743,14
50,1.27498153006137,14
52,1.89265761888905,14
53,1.73592549739355,14
54,2.2617456324557,14
55,2.02143317992001,14
58,1.94851271836448,14
61,1.73472161598519,14
63,1.93781610740659,14
65,1.78034352874927,14
67,2.19486152103137,14
68,2.25137152862355,14
71,2.3785521667,14
74,1.91078956185542,14
77,2.07529456939872,14
78,2.01203388661691,14
82,1.39138930467729,14
83,1.94476705268771,14
85,2.08945875520041,14
86,1.58763550023134,14
89,2.68715043463344,14
90,2.46299116954668,14
95,2.23712261900672,14
96,2.47286093609055,14
100,2.01478446036745,14
2,1.84751599713761,15
3,2.59215489370801,15
4,1.69607966256458,15
5,3.0407230588193,15
7,1.24993364102904,15
9,2.12092786014621,15
10,2.32943612547268,15
11,2.06311469348948,15
12,2.20871460381348,15
17,1.61674077147056,15
20,1.38957237977244,15
22,2.4881519997278,15
23,2.40701776007235,15
24,2.540511705314,15
26,2.26106717960086,15
27,1.51903376098347,15
28,2.6928053292988,15
29,2.22762915587661,15
32,1.98656962765076,15
36,5.25865507813907,15
38,2.46099539135473,15
39,1.69238525313963,15
40,2.70284895886412,15
42,2.29480632847816,15
44,1.31125586683427,15
46,3.41627988046908,15
50,1.25819613221109,15
52,1.91857866955841,15
53,1.69342756607654,15
54,2.26021966749195,15
55,2.17589799983237,15
58,1.85863609258734,15
61,1.73962702977808,15
63,1.95072860151929,15
65,1.73836945298471,15
67,2.11957432806134,15
68,2.38139638833659,15
71,2.30952658066168,15
74,1.89298470136244,15
77,2.07266083562843,15
78,1.98671755385701,15
82,1.39733273147463,15
83,1.9551254781984,15
85,2.09430544156945,15
86,1.62986951801222,15
89,2.5913055120842,15
90,2.45332483937037,15
95,2.24901076387445,15
96,2.45644360411959,15
100,1.95553683813701,15
2,1.71767723578885,16
3,2.59549075994032,16
4,1.64146845547606,16
5,3.02450084309798,16
7,1.2445960289736,16
9,2.05538356413271,16
10,2.39098210268607,16
11,2.11730767770608,16
12,2.19688491937715,16
17,1.66658639540007,16
20,1.43371276311497,16
22,2.40198979495532,16
23,2.33938150402436,16
24,2.60738725513828,16
26,2.24886861780417,16
27,1.53610867888105,16
28,2.65227505985369,16
29,2.22534816425865,16
32,1.93623593287696,16
36,5.25344645616126,16
38,2.31098559598663,16
39,1.6828992697088,16
40,2.71144232584951,16
42,2.23492651579669,16
44,1.29249305617679,16
46,3.57385978591178,16
50,1.2342907272799,16
52,1.88834348614981,16
53,1.83645614315197,16
54,2.29983433886746,16
55,2.05987129216572,16
58,1.83020576472666,16
61,1.69730940829289,16
63,1.85624646857679,16
65,1.68184260659471,16
67,2.14760877272387,16
68,2.30385505182452,16
71,2.3203953801401,16
74,1.84207897538103,16
77,2.05767588829966,16
78,1.96636669772919,16
82,1.36758543844132,16
83,1.90372668246497,16
85,2.08474513297752,16
86,1.58052562146359,16
89,2.57886374557711,16
90,2.53535590032016,16
95,2.2675269305539,16
96,2.4583493720594,16
100,1.90318402532936,16
2,1.61257548427114,17
3,2.52755664293428,17
4,1.6585789173044,17
5,3.04512866989887,17
7,1.24901437548939,17
9,2.03613171609995,17
10,2.25459394945052,17
11,2.11553287911325,17
12,2.22066959207365,17
17,1.63198642529245,17
20,1.47713765794472,17
22,2.37692134891317,17
23,2.30414732328037,17
24,2.60550568210914,17
26,2.25826918765972,17
27,1.51825349229813,17
28,2.64600240564177,17
29,2.23400222799218,17
32,1.95780663327067,17
36,5.24984208958338,17
38,2.27395146026308,17
39,1.6847512124933,17
40,2.68597423969444,17
42,2.18362477912176,17
44,1.29907138757312,17
46,3.47050110386533,17
50,1.22498720873361,17
52,1.90099223698244,17
53,1.84083668303004,17
54,2.26778578143616,17
55,2.01945981982897,17
58,1.82727991806041,17
61,1.70562039775346,17
63,1.85164615499712,17
65,1.64167672059784,17
67,2.13269169692209,17
68,2.32504711630094,17
71,2.33070849379385,17
74,1.88083889209573,17
77,2.06598338479037,17
78,1.9413756534956,17
82,1.34885393031597,17
83,1.83789984052657,17
85,2.09422598678657,17
86,1.57818465449057,17
89,2.57334979183455,17
90,2.45532210403155,17
95,2.27775820810103,17
96,2.41570678368368,17
100,1.84817029662555,17
2,1.634762045392,18
3,2.53657144126782,18
4,1.66387400372391,18
5,2.99904013879012,18
7,1.24213052210899,18
9,2.02883178773055,18
10,2.19304852363678,18
11,2.11510692528868,18
12,2.27784753312919,18
17,1.60772027026069,18
20,1.42912205930933,18
22,2.39203015372108,18
23,2.33719582631476,18
24,2.63417724353161,18
26,2.2417621169203,18
27,1.49834498467331,18
28,2.63263846145407,18
29,2.15362500160876,18
32,1.96485281205421,18
36,5.19380919963124,18
38,2.26271120921264,18
39,1.68320122781557,18
40,2.7012197283586,18
42,2.19819487634158,18
44,1.28916711748903,18
46,3.39699653889833,18
50,1.2054092926051,18
52,1.87252003700017,18
53,1.84728824361593,18
54,2.1909700268617,18
55,1.94579597449161,18
58,1.83451828525776,18
61,1.66958275547232,18
63,1.81309588739456,18
65,1.63672210318681,18
67,2.17674919212146,18
68,2.2527936441048,18
71,2.32040106636907,18
74,1.87333855700448,18
77,2.05075620576751,18
78,1.92525723638536,18
82,1.32405537909361,18
83,1.76659198534593,18
85,2.07559757809557,18
86,1.58691295647612,18
89,2.52210730955931,18
90,2.55877573042177,18
95,2.29029454674618,18
96,2.39430532489665,18
100,1.83810817224268,18
2,1.55588137289454,19
3,2.51488312084004,19
4,1.59965513064918,19
5,2.88862490616603,19
7,1.21507045307323,19
9,2.02812931286828,19
10,2.21324962409286,19
11,2.06709185403987,19
12,2.39528462084058,19
17,1.45559208800074,19
20,1.44631531859491,19
22,2.3199823637643,19
23,2.36316258857357,19
24,2.71123429135741,19
26,2.23573989743947,19
27,1.48550742678028,19
28,2.63726574807329,19
29,2.19990260670695,19
32,1.96216435109685,19
36,5.16010444676297,19
38,2.28582583033661,19
39,1.6871900229145,19
40,2.64091404749122,19
42,2.15891012671533,19
44,1.27487343365132,19
46,3.37611463254481,19
50,1.17660626470432,19
52,1.83949571851382,19
53,1.81914373017266,19
54,2.10393463767114,19
55,2.0462505669924,19
58,1.79863065248684,19
61,1.66798085266302,19
63,1.83642688713794,19
65,1.66909108125706,19
67,2.17738286886773,19
68,2.26919115496643,19
71,2.32856664055305,19
74,1.89165754867323,19
77,2.05629493511265,19
78,1.91964011753374,19
82,1.31448010770265,19
83,1.70465753579806,19
85,2.04356482699353,19
86,1.56686802744729,19
89,2.45423457344822,19
90,2.5040403673081,19
95,2.21278707389154,19
96,2.41781739273947,19
100,1.87803315972317,19
2,1.55988721486613,20
3,2.52602582217594,20
4,1.61112301810673,20
5,2.96359728371635,20
7,1.17898367994517,20
9,1.99470985321987,20
10,2.23343477547423,20
11,2.07637113939581,20
12,2.39870775260282,20
17,1.4319823432125,20
20,1.42019160816568,20
22,2.32872928232782,20
23,2.3957585473547,20
24,2.74358482821524,20
26,2.21989076202609,20
27,1.4824021884988,20
28,2.62128465047316,20
29,2.17787463942741,20
32,1.97044478624335,20
36,5.14262652701334,20
38,2.28927120104976,20
39,1.68564318636737,20
40,2.58813011900646,20
42,2.10904346873801,20
44,1.27026127967952,20
46,3.41376946998165,20
50,1.18183344058899,20
52,1.80890643454146,20
53,1.84801015835993,20
54,2.04636792644276,20
55,1.98390644784652,20
58,1.79345137996153,20
61,1.59535836847022,20
63,1.75553394941361,20
65,1.70339204911104,20
67,2.16834429086125,20
68,2.25056120692997,20
71,2.30249286093343,20
74,1.87508309628444,20
77,2.06980129161221,20
78,1.93256570698896,20
82,1.31413692351387,20
83,1.67987916831025,20
85,2.02463168221558,20
86,1.54319376993884,20
89,2.41734170976776,20
90,2.54667148580734,20
95,2.20746049526875,20
96,2.4313511033311,20
100,1.89660805211378,20
2,1.53926983934985,21
3,2.50036888029506,21
4,1.61627323182885,21
5,2.9465560778216,21
7,1.1504301623944,21
9,1.9839967297056,21
10,2.19777783682009,21
11,2.0635090729087,21
12,2.44740854875319,21
17,1.44893696634414,21
20,1.45414585081496,21
22,2.3076106887062,21
23,2.27116708999218,21
24,2.80646064090975,21
26,2.20484672449926,21
27,1.48759069732636,21
28,2.597419066485,21
29,2.17843327818351,21
32,2.0963811673476,21
36,5.13377785172124,21
38,2.299282021855,21
39,1.69146800015247,21
40,2.50212499190281,21
42,2.08313324765487,21
44,1.26869472344039,21
46,3.41282027938642,21
50,1.17079137886204,21
52,1.79890558693956,21
53,1.63465292175878,21
54,2.07735321228729,21
55,1.89389062333522,21
58,1.79459501056511,21
61,1.61493966738311,21
63,1.72782198267127,21
65,1.7086740353328,21
67,2.14510830203439,21
68,2.03038229735197,21
71,2.40057375888054,21
74,1.83692760646958,21
77,2.05444800928617,21
78,1.89018210894409,21
82,1.26844646226822,21
83,1.72491221055736,21
85,2.01316833574131,21
86,1.51079754868772,21
89,2.36685166140452,21
90,2.51555078725645,21
95,2.20085518785937,21
96,2.56555987364105,21
100,1.90379769111766,21
2,1.58052669705561,22
3,2.46391620037407,22
4,1.59664007043255,22
5,2.839064644023,22
7,1.13250889934703,22
9,1.96070805869442,22
10,2.15013536702397,22
11,1.99559656414428,22
12,2.44223610816317,22
17,1.60433329300348,22
20,1.43706208768057,22
22,2.38174192763646,22
23,2.24853097869522,22
24,2.67148278922941,22
26,2.18953790631405,22
27,1.54831119353639,22
28,2.56785987373817,22
29,2.19989235195327,22
32,2.06111706667043,22
36,5.10894063171179,22
38,2.40293558240801,22
39,1.71896907753865,22
40,2.50682156731707,22
42,2.07757116550388,22
44,1.24597033314989,22
46,3.47922435604406,22
50,1.13957232798988,22
52,1.79034733584044,22
53,1.65105566444479,22
54,2.09222487204723,22
55,1.88473340171565,22
58,1.76904772914641,22
61,1.63733071937505,22
63,1.7358033298168,22
65,1.66789766033059,22
67,2.17122026748939,22
68,2.01765656224985,22
71,2.36876291944374,22
74,1.84586918290146,22
77,2.03412819518777,22
78,1.89906024847324,22
82,1.27802203946017,22
83,1.73682226554861,22
85,2.01550425399256,22
86,1.57626473736074,22
89,2.38741088320558,22
90,2.53533074185833,22
95,2.2203790701159,22
96,2.53553908160712,22
100,1.89291531837804,22
2,1.56533321809934,23
3,2.45215756807462,23
4,1.585470854962,23
5,2.78163871937257,23
7,1.14344002852331,23
9,1.95837223562157,23
10,2.07053052186078,23
11,1.95042138814988,23
12,2.4013111140808,23
17,1.59662611248389,23
20,1.40314033597057,23
22,2.407767161811,23
23,2.24364227148036,23
24,2.66879676009954,23
26,2.16857594037125,23
27,1.53632251571717,23
28,2.53935554371594,23
29,2.18803427365964,23
32,2.06668375998374,23
36,5.11539789548707,23
38,2.43532463592526,23
39,1.76809304708661,23
40,2.5152142694903,23
42,2.08119850068288,23
44,1.21245612960612,23
46,3.38401794377915,23
50,1.1477230724076,23
52,1.75497419700224,23
53,1.72745693825725,23
54,2.10385545626466,23
55,1.88275937841241,23
58,1.76745096614998,23
61,1.5931973312711,23
63,1.75268717322753,23
65,1.65281576337121,23
67,2.15979291012702,23
68,2.02920375574512,23
71,2.35015529519719,23
74,1.81871422469991,23
77,2.03102977812324,23
78,1.89357716925079,23
82,1.30692298855029,23
83,1.76712001178859,23
85,1.97846511687643,23
86,1.54576481833974,23
89,2.40520094217736,23
90,2.52168427955556,23
95,2.23964451420255,23
96,2.52306654198885,23
100,1.87206912353163,23
2,1.50639311502531,24
3,2.43101813952426,24
4,1.58951861626597,24
5,2.7813287720664,24
7,1.12178488850436,24
9,1.9572662092822,24
10,2.13160277593259,24
11,2.01370887655589,24
12,2.39050815705493,24
17,1.58654775664329,24
20,1.36629985003791,24
22,2.43462522705955,24
23,2.24013324007921,24
24,2.73010379746085,24
26,2.15807238888641,24
27,1.56652549758062,24
28,2.59129667617425,24
29,2.21187374166063,24
32,2.11046706313953,24
36,5.11533105586587,24
38,2.37974696896539,24
39,1.77845584680934,24
40,2.45574082455733,24
42,2.09762046707358,24
44,1.2032440362179,24
46,3.36171676470083,24
50,1.18430769450668,24
52,1.7251167535064,24
53,1.78383817526729,24
54,2.08023617956413,24
55,1.89711375996552,24
58,1.76714815607158,24
61,1.62194110921674,24
63,1.76470725995749,24
65,1.58642275507327,24
67,2.08948816369078,24
68,1.99647942055807,24
71,2.30884393017746,24
74,1.81980488996706,24
77,1.93142247280212,24
78,1.91692004209052,24
82,1.37488220526981,24
83,1.72399394794688,24
85,1.88198070123728,24
86,1.54172241071807,24
89,2.35162589589949,24
90,2.49028014571481,24
95,2.22409775143865,24
96,2.54373626462779,24
100,1.86039971642384,24
2,1.53159295673118,25
3,2.42079362238883,25
4,1.61191740435952,25
5,2.80376852094093,25
7,1.13760586663679,25
9,1.95533492686446,25
10,2.16825606976469,25
11,1.93676305160374,25
12,2.44813056567838,25
17,1.53840673680504,25
20,1.33357045373356,25
22,2.38977244266561,25
23,2.19211142793844,25
24,2.65281158769977,25
26,2.15032296039944,25
27,1.54959815415376,25
28,2.59438082487135,25
29,2.20656403519285,25
32,2.13764255514712,25
36,5.08564859852257,25
38,2.2614816430637,25
39,1.80854413113288,25
40,2.35356520582875,25
42,2.18136785207084,25
44,1.16028817115919,25
46,3.34496302840631,25
50,1.15915584592527,25
52,1.72577447025038,25
53,1.84216253593504,25
54,2.06802785993365,25
55,1.89851837247397,25
58,1.8070327528523,25
61,1.70390241016956,25
63,1.72246662130419,25
65,1.67056517191907,25
67,2.14848366197967,25
68,2.01405716550399,25
71,2.31812742260816,25
74,1.84605102600215,25
77,1.93623735732927,25
78,1.91936453711537,25
82,1.40591239583966,25
83,1.77367538171459,25
85,1.85088725706657,25
86,1.55023670672727,25
89,2.31224700288106,25
90,2.48696641930038,25
95,2.28527905320617,25
96,2.46039526433924,25
100,1.84047331426394,25
2,1.5626844268543,26
3,2.4219990572933,26
4,1.59146348921995,26
5,2.86789672064973,26
7,1.15055181596622,26
9,1.96034598969937,26
10,2.06197425476332,26
11,1.97064180535558,26
12,2.41859595100326,26
17,1.50541094446911,26
20,1.33451370425056,26
22,2.35592982272649,26
23,2.25634345164645,26
24,2.66006447248745,26
26,2.12318867557858,26
27,1.54636275835011,26
28,2.54045872880701,26
29,2.22413914013297,26
32,2.12469562936838,26
36,5.04322437391309,26
38,2.23422197220033,26
39,1.7541854170955,26
40,2.46695524602804,26
42,2.19424410958236,26
44,1.12349879567555,26
46,3.3653153588831,26
50,1.13877868880321,26
52,1.70829979693621,26
53,1.86866648167036,26
54,2.04227743448438,26
55,1.90835088822075,26
58,1.77353633982036,26
61,1.61026405158437,26
63,1.74703804990811,26
65,1.64289452701523,26
67,2.17308502581611,26
68,2.02871060262393,26
71,2.31701985542276,26
74,1.84228348904449,26
77,1.91380179411798,26
78,1.93217840153199,26
82,1.38433527699568,26
83,1.77564724262188,26
85,1.77889787434583,26
86,1.51944526572065,26
89,2.3015258467021,26
90,2.48268446931926,26
95,2.24491174391026,26
96,2.43361514090695,26
100,1.81129276052362,26
2,1.54788045621016,27
3,2.41786253023247,27
4,1.50273500809494,27
5,2.80537404819262,27
7,1.15607399073096,27
9,1.96802471354617,27
10,2.12007732562005,27
11,1.97551685022903,27
12,2.41805704206517,27
17,1.50318997170907,27
20,1.33752740837293,27
22,2.37415913051335,27
23,2.15900491009133,27
24,2.63947645584475,27
26,2.13304401758998,27
27,1.49747556855349,27
28,2.52836348692579,27
29,2.25930484602787,27
32,2.09706736629744,27
36,4.99934960295921,27
38,2.25543946180068,27
39,1.74028214131213,27
40,2.46714195543769,27
42,2.21257890836703,27
44,1.11378288346567,27
46,3.3214592711595,27
50,1.12494039689749,27
52,1.69845421505122,27
53,1.95093948500591,27
54,2.00222336295791,27
55,1.99843243314533,27
58,1.7586353351563,27
61,1.55356522563311,27
63,1.72048773150655,27
65,1.64024120333083,27
67,2.25806817944189,27
68,2.0153838420382,27
71,2.33258896542907,27
74,1.87849588795401,27
77,1.91586252751339,27
78,1.93346690374704,27
82,1.34034612029874,27
83,1.78961190480835,27
85,1.76411232390819,27
86,1.50074467125303,27
89,2.30787846399237,27
90,2.42754068360308,27
95,2.22192193229591,27
96,2.40662332821379,27
100,1.79203593375106,27
2,1.56339798789957,28
3,2.3933591070752,28
4,1.37815149988882,28
5,2.85673195652856,28
7,1.14839878196987,28
9,1.96756583573984,28
10,2.10198474966247,28
11,1.94008568621349,28
12,2.26536457890776,28
17,1.47590451227804,28
20,1.3085939928726,28
22,2.32782172652184,28
23,2.16423284087559,28
24,2.64046123771621,28
26,2.10458192037533,28
27,1.45803539879252,28
28,2.49583239435103,28
29,2.1202752644604,28
32,2.05809385214002,28
36,4.89001669097313,28
38,2.13123635485124,28
39,1.73683270570407,28
40,2.44635967124949,28
42,2.22902444221119,28
44,1.10428942960232,28
46,3.34808245766551,28
50,1.13169522519813,28
52,1.6556584518579,28
53,1.90917829403371,28
54,1.94586741885025,28
55,1.96839747579042,28
58,1.70179790473209,28
61,1.60928895327383,28
63,1.71194935773715,28
65,1.53247377137475,28
67,2.26105611442805,28
68,2.03282788392507,28
71,2.30838134169516,28
74,1.87802330409436,28
77,1.93616895840217,28
78,2.0135094819114,28
82,1.31183982686215,28
83,1.77776785089902,28
85,1.74048276514841,28
86,1.47570573559419,28
89,2.3552308392026,28
90,2.40427193212735,28
95,2.18172270038802,28
96,2.39558413375805,28
100,1.75776555093446,28
2,1.6010165206805,29
3,2.44992925272669,29
4,1.23637646325987,29
5,2.85374159098738,29
7,1.13950322124512,29
9,1.99684833569395,29
10,2.21055187084244,29
11,1.93012198787574,29
12,2.30814155823297,29
17,1.4350423514989,29
20,1.28666410325259,29
22,2.31420548441265,29
23,2.13938106287398,29
24,2.51967294343579,29
26,2.15038506762675,29
27,1.40174198998046,29
28,2.47543657646518,29
29,2.09650159507146,29
32,2.03235257142668,29
36,4.91009547332057,29
38,2.11467575955151,29
39,1.62320132203164,29
40,2.40778163699563,29
42,2.21056456895438,29
44,1.08400931608363,29
46,3.32793666412829,29
50,1.10489184839928,29
52,1.63495805429864,29
53,1.90129744628689,29
54,1.92892677454447,29
55,1.88902953688844,29
58,1.70719741796254,29
61,1.5753168949091,29
63,1.71521191280084,29
65,1.55573462935512,29
67,2.0093817629276,29
68,1.9589450644309,29
71,2.25352409865944,29
74,1.99168636278592,29
77,1.95290313817944,29
78,2.00750707675576,29
82,1.27580367711071,29
83,1.75632702317277,29
85,1.74816864071669,29
86,1.45676981742549,29
89,2.35048317069473,29
90,2.43582933278631,29
95,2.12101220456912,29
96,2.4335994959747,29
100,1.75860629034724,29
2,1.6064672894347,30
3,2.42737700518213,30
4,1.14050205357262,30
5,2.82733441789735,30
7,1.16063923245761,30
9,2.00533055738341,30
10,2.14358449290886,30
11,1.90080708277036,30
12,2.22677587600652,30
17,1.43329413342735,30
20,1.26576156566452,30
22,2.24300088318835,30
23,2.17067973431583,30
24,2.6069256022691,30
26,2.08442812589769,30
27,1.40052437327607,30
28,2.46957106175366,30
29,2.09095322791637,30
32,2.00895273385181,30
36,4.93112611270743,30
38,1.97311863735027,30
39,1.69836656153588,30
40,2.4347805070837,30
42,2.21307137218988,30
44,1.07269421039332,30
46,3.36239723440272,30
50,1.10786278673163,30
52,1.62493025226979,30
53,1.83511044606054,30
54,1.85840409313378,30
55,1.87533095550551,30
58,1.6982426246768,30
61,1.58583581388835,30
63,1.71232838665226,30
65,1.55794843682763,30
67,1.88947459002584,30
68,1.93571147647728,30
71,2.26858787883345,30
74,1.95643536097192,30
77,1.95577464932868,30
78,2.06054479504489,30
82,1.23958857247869,30
83,1.7835934728721,30
85,1.7494314825967,30
86,1.39941995876123,30
89,2.3466859447691,30
90,2.43924337947738,30
95,2.07773813400145,30
96,2.3434458954665,30
100,1.92450923447191,30
2,1.61424265947164,31
3,2.40320361675952,31
4,1.13882162234033,31
5,2.96005040164037,31
7,1.16151471680688,31
9,1.98993661205862,31
10,2.16046265299272,31
11,1.94709450076958,31
12,2.1816590950345,31
17,1.40257242146163,31
20,1.24403039161012,31
22,2.17917222407526,31
23,2.19857857345679,31
24,2.41821219402062,31
26,2.07634663935607,31
27,1.38123902406609,31
28,2.46357591645846,31
29,2.05312970850175,31
32,2.03988813520549,31
36,4.93530291041317,31
38,1.99908523632666,31
39,1.76899108758851,31
40,2.42113739401066,31
42,2.24517523221619,31
44,1.05473424225981,31
46,3.33190556968302,31
50,1.1084213616821,31
52,1.64975539290326,31
53,1.72731829242152,31
54,1.82489063721694,31
55,1.88308873592873,31
58,1.6900829399011,31
61,1.57653901257453,31
63,1.7035310166576,31
65,1.55999205568302,31
67,1.72496955323249,31
68,1.96148451263174,31
71,2.22728196237856,31
74,1.91890453216791,31
77,1.97583662322936,31
78,2.07685802678578,31
82,1.26965345308757,31
83,1.75155998561238,31
85,1.75605403326428,31
86,1.39720419410546,31
89,2.35860079721477,31
90,2.44803511446448,31
95,2.03664472497822,31
96,2.22119833449563,31
100,1.77466534362976,31
2,1.61584457227574,32
3,2.42371832616968,32
4,1.15923003382754,32
5,2.88978793220611,32
7,1.17407983457284,32
9,1.9882121268644,32
10,2.147514312187,32
11,1.96210918680258,32
12,2.17284019938944,32
17,1.3594417628327,32
20,1.21709477938385,32
22,2.18342922292817,32
23,2.18312285587113,32
24,2.32722023277106,32
26,2.0671154156084,32
27,1.374644976764,32
28,2.44359504314974,32
29,2.06720002996093,32
32,2.09351335503722,32
36,4.96335610616437,32
38,1.97809474507314,32
39,1.78194660443289,32
40,2.39074519279578,32
42,2.28384979621419,32
44,1.04451684992697,32
46,3.34783911798096,32
50,1.11309451302642,32
52,1.62393869011581,32
53,1.54754096174128,32
54,1.87083003242372,32
55,1.78542703343547,32
58,1.66636677881975,32
61,1.53724870756865,32
63,1.71390328738223,32
65,1.55553504190678,32
67,1.72616011150034,32
68,1.94919780128003,32
71,2.39732701050821,32
74,1.86244172196355,32
77,1.98174737626564,32
78,1.99010833805626,32
82,1.23400167218202,32
83,1.74168591753038,32
85,1.74982782557307,32
86,1.40032600456451,32
89,2.33028820870004,32
90,2.44400922860912,32
95,1.98827139940581,32
96,2.21788163835202,32
100,1.8314756211093,32
2,1.57420665917542,33
3,2.37023563131982,33
4,1.22011566544371,33
5,2.87637842098258,33
7,1.21152690509882,33
9,1.9720480284928,33
10,2.07460184537273,33
11,1.95685379595338,33
12,2.21934900860597,33
17,1.31794189741287,33
20,1.215009685122,33
22,2.11648152131872,33
23,2.07161997162328,33
24,2.3887637457745,33
26,2.04764354260775,33
27,1.39903785028153,33
28,2.4376990740803,33
29,2.05722489996358,33
32,1.95023718841127,33
36,4.91754949994113,33
38,1.94722674757272,33
39,1.79079162334874,33
40,2.295635518717,33
42,2.30792055041131,33
44,1.00636329811231,33
46,3.41812346645354,33
50,1.12527110535514,33
52,1.53392467477876,33
53,1.66926146796777,33
54,1.9813149643602,33
55,1.78636987289373,33
58,1.64373441776236,33
61,1.50487066786432,33
63,1.74948126863641,33
65,1.5002872142343,33
67,1.77914620469616,33
68,1.99798310348132,33
71,2.33110128538124,33
74,1.84854542061842,33
77,2.01850515890569,33
78,1.92733133802023,33
82,1.25397983399072,33
83,1.65876261995805,33
85,1.74239100905558,33
86,1.40022954482412,33
89,2.29599906894747,33
90,2.4367514433196,33
95,1.98530019681625,33
96,2.23592404588162,33
100,1.82228012610707,33
2,1.48584621582057,34
3,2.35602218780703,34
4,1.19473720190452,34
5,2.80372700683895,34
7,1.2091942151949,34
9,1.96417876973966,34
10,2.15302962046377,34
11,1.95203750052118,34
12,2.26465301641528,34
17,1.30944020809632,34
20,1.28333467670825,34
22,2.0426971171466,34
23,2.1555586796246,34
24,2.48728264593881,34
26,2.05357391431206,34
27,1.38998915342045,34
28,2.41921077722633,34
29,2.04308776925569,34
32,1.91946836082266,34
36,4.93096854167827,34
38,1.89494418437944,34
39,1.78169121955821,34
40,2.30580994357448,34
42,2.2987414803945,34
44,1.03053627602291,34
46,3.38136226870669,34
50,1.12575241875446,34
52,1.4997557315474,34
53,1.65572646523154,34
54,2.01890993620144,34
55,1.85717751388312,34
58,1.61139953490394,34
61,1.47355596102946,34
63,1.77670963988756,34
65,1.49657622103718,34
67,1.81336701848711,34
68,2.01251758231017,34
71,2.30740530130056,34
74,1.82967480051047,34
77,2.02957797895834,34
78,1.93223715807593,34
82,1.21562839079042,34
83,1.66373640671463,34
85,1.72302004909895,34
86,1.38501370202394,34
89,2.30630252723996,34
90,2.41259164583619,34
95,1.96225734536023,34
96,2.10678667115718,34
100,1.8330946789035,34
2,1.44324775559857,35
3,2.38211760146572,35
4,1.12629661551663,35
5,2.86634151116252,35
7,1.18288543140828,35
9,1.94302072757885,35
10,2.10929803483205,35
11,1.91668242822516,35
12,2.30954163286832,35
17,1.27519481815707,35
20,1.3331888360498,35
22,1.98657292054146,35
23,2.04358990539376,35
24,2.51345019542662,35
26,2.06777959550076,35
27,1.39839996718932,35
28,2.4145595479668,35
29,2.05399233946166,35
32,1.87099168170497,35
36,4.94558991081402,35
38,1.96818627079479,35
39,1.8117036205374,35
40,2.36221021269328,35
42,2.29617773141947,35
44,1.05431501723857,35
46,3.40976699938081,35
50,1.13878842006955,35
52,1.45957873769733,35
53,1.75571419120166,35
54,2.06000398485496,35
55,1.88863513627219,35
58,1.60020466375634,35
61,1.43504917899564,35
63,1.71765430736355,35
65,1.46009389429331,35
67,1.90418343090458,35
68,2.00940262405884,35
71,2.26516220796234,35
74,1.8172828009269,35
77,2.03625128353063,35
78,1.89249147553571,35
82,1.1962589746913,35
83,1.80445808934894,35
85,1.71073577237102,35
86,1.40698838616568,35
89,2.29833441275849,35
90,2.39572140046196,35
95,1.96595994176309,35
96,2.13724339558568,35
100,1.82289548529286,35
2,1.25898909671912,36
3,2.38858978012754,36
4,1.12582598670118,36
5,2.86956587429514,36
7,1.13504840544386,36
9,1.93022201897799,36
10,2.15507860667456,36
11,1.92961516993588,36
12,2.16552160940068,36
17,1.26591079434779,36
20,1.32534739910552,36
22,1.94256429460406,36
23,2.04781920812991,36
24,2.49669657528189,36
26,2.06817307350748,36
27,1.4114927423313,36
28,2.42427268090249,36
29,2.05771090772738,36
32,1.88780273976109,36
36,4.96472408170613,36
38,2.00048540390839,36
39,1.76198665789926,36
40,2.44730498187463,36
42,2.3071576211763,36
44,1.04053201072272,36
46,3.37753626259869,36
50,1.15942709676391,36
52,1.63138085811958,36
53,1.87849758406303,36
54,1.97924916827588,36
55,1.93533407490203,36
58,1.58425350422433,36
61,1.36629816356129,36
63,1.72321822587366,36
65,1.45139720957247,36
67,1.87059524800325,36
68,2.01663812247569,36
71,2.23876892548735,36
74,1.793652199936,36
77,1.97202674171604,36
78,1.91821248387862,36
82,1.22539316185038,36
83,1.81286006374529,36
85,1.67486279859149,36
86,1.39983794669219,36
89,2.24242687799458,36
90,2.38323888019355,36
95,1.99425670085612,36
96,2.17102585468626,36
100,1.78796025408643,36
2,1.30100537800675,37
3,2.38338080792382,37
4,1.168779114389,37
5,2.92062522953377,37
7,1.10458404155346,37
9,1.91773247873197,37
10,2.19168461983257,37
11,1.93274163584158,37
12,2.25831050369447,37
17,1.23260227164484,37
20,1.32789692276546,37
22,2.04212390536867,37
23,2.06413483911407,37
24,2.49060214184302,37
26,2.11406364066136,37
27,1.42972366326964,37
28,2.43713543139533,37
29,2.08239393793668,37
32,1.8634462534937,37
36,4.97992671061477,37
38,2.05462694553542,37
39,1.64099029887948,37
40,2.50848084221308,37
42,2.25880175893107,37
44,1.09853438271462,37
46,3.34759915972576,37
50,1.14881400642104,37
52,1.60572257429401,37
53,1.86336246405306,37
54,2.00935686031224,37
55,1.899103177994,37
58,1.56530433085076,37
61,1.36104116931255,37
63,1.70649114960485,37
65,1.45003801264788,37
67,1.92335160218601,37
68,1.96199318073574,37
71,2.18962979688978,37
74,1.76185269548242,37
77,1.97069398809659,37
78,1.84057496072194,37
82,1.24469396498111,37
83,1.81901678335134,37
85,1.67247003126828,37
86,1.45224186031476,37
89,2.17978526559587,37
90,2.36531061782976,37
95,2.02956369169305,37
96,2.1315910375546,37
100,1.76188401883885,37
2,1.33983846151851,38
3,2.36452683822487,38
4,1.20758979095962,38
5,2.91155678985884,38
7,1.1003078618623,38
9,1.8932882326573,38
10,2.18703943147214,38
11,1.91823072833205,38
12,2.20757114597262,38
17,1.23614411924268,38
20,1.31222879955835,38
22,2.01682811767644,38
23,2.04190990867894,38
24,2.48409450923717,38
26,2.0530632973763,38
27,1.43594534981027,38
28,2.46019030188863,38
29,2.06593076437952,38
32,1.87107408329463,38
36,4.94975168623723,38
38,1.99211343136126,38
39,1.58625787766505,38
40,2.42622462715011,38
42,2.24672647014364,38
44,1.10124007088373,38
46,3.35788929546084,38
50,1.17285354584123,38
52,1.60443967341915,38
53,1.77823226855501,38
54,2.10061829941388,38
55,1.83277996691849,38
58,1.56662028584609,38
61,1.41468296006325,38
63,1.72304155695778,38
65,1.43905205438973,38
67,1.90139343455849,38
68,1.96959937371822,38
71,2.17483200833819,38
74,1.78266200587398,38
77,1.96743474422889,38
78,1.84306541049368,38
82,1.26007225313165,38
83,1.81116329721052,38
85,1.6885849636518,38
86,1.40209531667603,38
89,2.13476139563739,38
90,2.37151834866313,38
95,2.0189484922382,38
96,2.08980906178802,38
100,1.64793013868714,38
2,1.35947683835744,39
3,2.37423825776041,39
4,1.2103388045857,39
5,2.85557516281198,39
7,1.06184278513926,39
9,1.87224015578837,39
10,2.06587373597884,39
11,1.9250193090211,39
12,2.04080260286462,39
17,1.2398891924597,39
20,1.28420953076356,39
22,1.97948623759151,39
23,2.0368189491179,39
24,2.39245323533999,39
26,2.05425587225347,39
27,1.43659604825838,39
28,2.48138545652268,39
29,1.98962005294638,39
32,1.78996934220075,39
36,4.95338625072706,39
38,1.89874901485262,39
39,1.57358597440093,39
40,2.43098340637946,39
42,2.1802039084783,39
44,0.980053619754534,39
46,3.36610000024552,39
50,1.16989413709234,39
52,1.63503992745654,39
53,1.93283438574895,39
54,1.97129500949797,39
55,1.81335400242432,39
58,1.55188537959709,39
61,1.4331475311263,39
63,1.70275296031413,39
65,1.40152489321361,39
67,1.91398476664884,39
68,1.94579409022698,39
71,2.16998582115567,39
74,1.76568826634886,39
77,1.95817595017949,39
78,1.83414778852865,39
82,1.24002973106302,39
83,1.81394528383945,39
85,1.7478140222188,39
86,1.34736554526941,39
89,2.1353112390897,39
90,2.39884919552591,39
95,2.02955776171061,39
96,2.10791207491082,39
100,1.61191534615633,39
2,1.24569510919609,40
3,2.35139383852456,40
4,1.21249006947533,40
5,2.76180180642513,40
7,1.03648162380678,40
9,1.86299527137229,40
10,2.19512877077496,40
11,1.8861373254785,40
12,2.11278708464518,40
17,1.22444978166863,40
20,1.24311903184514,40
22,1.94954835111583,40
23,2.05225596720829,40
24,2.46471963876395,40
26,2.03939783029072,40
27,1.42702279347646,40
28,2.44728873101957,40
29,1.99457013015706,40
32,1.80546520005523,40
36,4.96620580601927,40
38,2.04393808080349,40
39,1.59157620075848,40
40,2.43612634518111,40
42,2.09269762396953,40
44,0.996730856755865,40
46,3.31511024864384,40
50,1.15801569608949,40
52,1.63225543690018,40
53,1.78012369072875,40
54,2.09454064133984,40
55,1.88699353973932,40
58,1.55110992924299,40
61,1.43017766053208,40
63,1.70655532611346,40
65,1.3788875856999,40
67,1.84313879450555,40
68,1.9163732565683,40
71,2.20917899570442,40
74,1.71829583983034,40
77,1.99839656987165,40
78,1.83541217675258,40
82,1.20869410058566,40
83,1.79982598888682,40
85,1.76369281912452,40
86,1.3299171571769,40
89,2.09643844060284,40
90,2.44314415176749,40
95,2.01068593147204,40
96,2.05364350055253,40
100,1.59492073236677,40
2,1.32680080169177,41
3,2.40464443195677,41
4,1.21574180428376,41
5,2.67511362891978,41
7,1.01963282653002,41
9,1.81940029275657,41
10,2.2083511275493,41
11,1.87575802207836,41
12,2.1231763249688,41
17,1.20034670570394,41
20,1.24761592740605,41
22,1.96467936124221,41
23,1.92571684677179,41
24,2.44619412476015,41
26,2.0167725363786,41
27,1.44010772864307,41
28,2.45207868361712,41
29,2.01588663754783,41
32,1.8004090639747,41
36,4.9587159881722,41
38,1.90375105737853,41
39,1.56174607095761,41
40,2.4186449888733,41
42,2.04761029985299,41
44,0.98903863537712,41
46,3.33623673258537,41
50,1.15260280545009,41
52,1.63714483071568,41
53,1.58198050957084,41
54,2.25108545024509,41
55,1.88498868151963,41
58,1.5466517259341,41
61,1.42893020775849,41
63,1.70558316611885,41
65,1.35082476486397,41
67,1.84843569447544,41
68,1.91728593498614,41
71,2.17725499277054,41
74,1.67258812576412,41
77,1.97829100141124,41
78,1.78213177703449,41
82,1.18929885925039,41
83,1.76729777079554,41
85,1.70194393641246,41
86,1.3461176536908,41
89,2.06837393398557,41
90,2.4685118743203,41
95,1.98801617826741,41
96,2.10878944962431,41
100,1.61642516386887,41
2,1.3036080263883,42
3,2.44175017185245,42
4,1.21514433046907,42
5,2.69667213759942,42
7,1.00738817945147,42
9,1.77673221731341,42
10,2.21499443675551,42
11,1.85296488765165,42
12,2.06395070039943,42
17,1.2010318810006,42
20,1.23674977399502,42
22,1.9726254472053,42
23,1.95119488828535,42
24,2.38150267757107,42
26,2.00774577635872,42
27,1.45504805236455,42
28,2.50179714679916,42
29,2.04496732174876,42
32,1.7572218689734,42
36,4.93592517071138,42
38,1.88272208820065,42
39,1.52662785564633,42
40,2.44688696058723,42
42,2.04525552654221,42
44,0.980253653763014,42
46,3.27603916920226,42
50,1.13316566386065,42
52,1.593963192156,42
53,1.51330724966588,42
54,2.3270778524358,42
55,1.83977766722582,42
58,1.50675098456015,42
61,1.50845919235385,42
63,1.68552283834579,42
65,1.3326887409476,42
67,1.76775686154957,42
68,1.9087497025299,42
71,2.16636907670207,42
74,1.68820401607597,42
77,1.93784173546603,42
78,1.8527132892841,42
82,1.18432801048642,42
83,1.7719810613597,42
85,1.64560813649209,42
86,1.35374171184597,42
89,2.03183282958012,42
90,2.44838906217438,42
95,1.94693570362136,42
96,2.02623917472722,42
100,1.61983600868306,42
2,1.29313846360631,43
3,2.46856273353731,43
4,1.21090451842426,43
5,2.66097579972307,43
7,1.03977464051446,43
9,1.77059888223685,43
10,2.01154682486336,43
11,1.81596503834092,43
12,1.95380903090088,43
17,1.14611591601576,43
20,1.22747057192557,43
22,1.92401644692668,43
23,2.02330786274825,43
24,2.37682002540686,43
26,2.00557487526655,43
27,1.4086551279084,43
28,2.56562425680385,43
29,2.05342282591504,43
32,1.804045355498,43
36,4.92594852936877,43
38,1.84355146389901,43
39,1.49182134489721,43
40,2.4814886645447,43
42,2.07424589536355,43
44,0.964249415105758,43
46,3.31532087894319,43
50,1.12568391469813,43
52,1.54283313186052,43
53,1.49537250501915,43
54,2.29551204150913,43
55,1.75182286553582,43
58,1.56705210249088,43
61,1.55276567736496,43
63,1.67026639339851,43
65,1.32988589678214,43
67,1.74713140550712,43
68,1.89469413905393,43
71,2.14696149668845,43
74,1.66265427878387,43
77,1.90504706497565,43
78,1.84589827326936,43
82,1.15012145990466,43
83,1.75799778755142,43
85,1.62929345159224,43
86,1.36989692748626,43
89,1.99943393014601,43
90,2.43558380660252,43
95,1.86709432385851,43
96,2.08781219917685,43
100,1.65697969290129,43
2,1.24729576059829,44
3,2.34179295293766,44
4,1.17917586742269,44
5,2.66235563754428,44
7,1.03663179498545,44
9,1.75780063106275,44
10,2.15194215539554,44
11,1.80583866168869,44
12,1.99326100414893,44
17,1.1322115171153,44
20,1.2151208078603,44
22,1.94070165870617,44
23,2.01483420165024,44
24,2.32010224758123,44
26,1.99218308090702,44
27,1.39334912784854,44
28,2.50820174296753,44
29,1.97806892684423,44
32,1.85303881753949,44
36,4.88575613294209,44
38,1.87579446175755,44
39,1.54752129184296,44
40,2.53853385435126,44
42,2.11012242308115,44
44,0.962327353664592,44
46,3.2658110032199,44
50,1.10066670071456,44
52,1.53515617939074,44
53,1.52775687092591,44
54,2.1866699478457,44
55,1.69172085931778,44
58,1.54650843825693,44
61,1.65037842786059,44
63,1.67470784687445,44
65,1.34489512050973,44
67,1.64063964579011,44
68,1.8896114098266,44
71,2.22448254430361,44
74,1.64339256051391,44
77,1.86816941597798,44
78,1.84690840737907,44
82,1.11599940038979,44
83,1.75422247572537,44
85,1.60542514632839,44
86,1.34000548394265,44
89,1.9727238768265,44
90,2.42701390808807,44
95,1.84656107223917,44
96,2.02231615673765,44
100,1.69031384658817,44
2,1.2992001673551,45
3,2.32402445818226,45
4,1.1517720606178,45
5,2.69142926469407,45
7,1.04870080856457,45
9,1.81300315051318,45
10,2.13593979974366,45
11,1.78548473073093,45
12,2.05106022399573,45
17,1.08879206555336,45
20,1.16913465685995,45
22,1.91353156546306,45
23,2.01512540923186,45
24,2.24333928687155,45
26,1.9609721752402,45
27,1.40419327023731,45
28,2.48260904985328,45
29,1.9867749744331,45
32,1.89959206936815,45
36,4.91248409922941,45
38,1.88903208207309,45
39,1.57283355503311,45
40,2.44171846689212,45
42,2.19179993327339,45
44,0.938672191906042,45
46,3.22956744302336,45
50,1.09396724888965,45
52,1.55839851703096,45
53,1.55550704205826,45
54,2.11751465192839,45
55,1.64051545243781,45
58,1.50268443859282,45
61,1.58801143752192,45
63,1.64068346013946,45
65,1.3257992027867,45
67,1.68418304877078,45
68,1.88145828084817,45
71,2.18587316790526,45
74,1.62607597405915,45
77,1.86653119636939,45
78,1.85466347021031,45
82,1.09652757144862,45
83,1.83350707118082,45
85,1.58610490707787,45
86,1.29132480533309,45
89,1.97154173908219,45
90,2.41498274754409,45
95,1.83501364578665,45
96,2.09193445648166,45
100,1.71991375183464,45
2,1.21717964125371,46
3,2.2567227161502,46
4,1.09080729988033,46
5,2.74281641405207,46
7,1.05774382874508,46
9,1.81405900931203,46
10,2.03294342441369,46
11,1.76184567628593,46
12,2.0167834137931,46
17,1.07279629929842,46
20,1.1438311851969,46
22,1.89832285565611,46
23,1.9888189252591,46
24,2.45666038587894,46
26,1.9628470717473,46
27,1.40771449883917,46
28,2.4165790580258,46
29,1.97182122112563,46
32,1.93578606232794,46
36,4.89659805225528,46
38,1.8623205109601,46
39,1.50700544238147,46
40,2.38595715237781,46
42,2.25141919382841,46
44,0.921812475318993,46
46,3.24555221470108,46
50,1.08779231885924,46
52,1.55703653402185,46
53,1.54068896027085,46
54,2.01480659139755,46
55,1.60894109824576,46
58,1.50909848587672,46
61,1.54670898926593,46
63,1.61580297331185,46
65,1.33566935665306,46
67,1.78165401702263,46
68,1.86149134331086,46
71,2.19539103580032,46
74,1.62883430236309,46
77,1.8590921004263,46
78,1.87036855400342,46
82,1.08043818796866,46
83,1.81252118899522,46
85,1.58665009780539,46
86,1.27831668724701,46
89,1.94122519396704,46
90,2.37259336719228,46
95,1.82070995046754,46
96,2.1160363452856,46
100,1.74176719952037,46
2,1.15186980469999,47
3,2.22468321321789,47
4,1.06529630107447,47
5,2.75735581757619,47
7,1.08510754699612,47
9,1.79281968869304,47
10,2.02779217333179,47
11,1.78658611150885,47
12,2.01311224246133,47
17,1.04027002299866,47
20,1.14732104534925,47
22,1.78853635358414,47
23,1.93823577361918,47
24,2.54144031722565,47
26,1.95241360381369,47
27,1.40114039720469,47
28,2.41019353675005,47
29,1.90377456611772,47
32,1.86916001387891,47
36,4.89094678964723,47
38,1.84617439107126,47
39,1.40840179724765,47
40,2.4432375082025,47
42,2.26813817237822,47
44,0.9423437212448,47
46,3.2607814202821,47
50,1.06145504938205,47
52,1.54917960370429,47
53,1.46125033771671,47
54,1.99396369952164,47
55,1.70641073805097,47
58,1.521550836616,47
61,1.49443121577726,47
63,1.58523743885944,47
65,1.31419814763203,47
67,1.77802009954343,47
68,1.86646764760448,47
71,2.20697996296006,47
74,1.64893472130644,47
77,1.89011354748304,47
78,1.8684598044688,47
82,1.0811540698437,47
83,1.87375407363072,47
85,1.60006840783999,47
86,1.23964142976659,47
89,1.99493841150398,47
90,2.34589557854062,47
95,1.8345069309865,47
96,2.02687918071183,47
100,1.76816987859933,47
2,1.18649458247253,48
3,2.27156199909589,48
4,1.05447124820392,48
5,2.75809105520544,48
7,1.0800283449915,48
9,1.76516401779326,48
10,1.9904461931882,48
11,1.75117127555466,48
12,1.89984356056895,48
17,0.99557379856464,48
20,1.10171931769083,48
22,1.79254563398749,48
23,1.90526585964361,48
24,2.54212110393312,48
26,1.9296201051866,48
27,1.39833696041875,48
28,2.37020242524417,48
29,1.85886378540113,48
32,1.85056545885378,48
36,4.87854713049826,48
38,1.77572364532514,48
39,1.30587180320635,48
40,2.51506202752967,48
42,2.28298997480997,48
44,0.972267060312022,48
46,3.25360993214357,48
50,1.03877622107532,48
52,1.53690066198314,48
53,1.42605125938545,48
54,1.92643805729879,48
55,1.59852450847638,48
58,1.53025483938322,48
61,1.44268418386278,48
63,1.58544835145169,48
65,1.28217969981587,48
67,1.59265597001985,48
68,1.8557875915419,48
71,2.19095184326319,48
74,1.67089612322053,48
77,1.86308955581013,48
78,1.73219173957293,48
82,1.07073591722275,48
83,1.86773501577855,48
85,1.62458817987751,48
86,1.29936199740454,48
89,2.02313067230102,48
90,2.37312231393126,48
95,1.80745615038455,48
96,2.01028125456277,48
100,1.99718791551238,48
2,1.22473360591551,49
3,2.20154100132004,49
4,1.05301440139811,49
5,2.72536332681389,49
7,1.0738634753177,49
9,1.7260981853528,49
10,1.99426004594886,49
11,1.71945955345703,49
12,1.88758765423046,49
17,0.986479728226618,49
20,1.05199998762363,49
22,1.85363161875042,49
23,1.86697442260696,49
24,2.52561405352936,49
26,1.92452995443017,49
27,1.42163988431217,49
28,2.35249515241399,49
29,1.8100171704781,49
32,1.8253914371299,49
36,4.81653718211972,49
38,1.76250679585129,49
39,1.31574145079865,49
40,2.49487852723299,49
42,2.26993022513307,49
44,0.971842783572594,49
46,3.25079234795317,49
50,1.05767102074055,49
52,1.49369586317847,49
53,1.4588751197138,49
54,1.85528776048938,49
55,1.62293835017065,49
58,1.5611047024768,49
61,1.36569386754739,49
63,1.59287389572434,49
65,1.30243295021369,49
67,1.51350443017762,49
68,1.80581791573519,49
71,2.11296451034847,49
74,1.66295189657608,49
77,1.80620752302975,49
78,1.65906358644421,49
82,1.08870916976766,49
83,1.78682964891098,49
85,1.61037787705563,49
86,1.28491900912934,49
89,2.02500127178247,49
90,2.39510571755386,49
95,1.81798453253123,49
96,2.00813711204602,49
100,1.99600431272183,49
2,1.26040074405643,50
3,2.20821882810075,50
4,1.05720275464242,50
5,2.65874131658565,50
7,1.07281626519501,50
9,1.7367733192725,50
10,1.99816852427796,50
11,1.68997466224871,50
12,1.80716806099315,50
17,1.00090686645011,50
20,1.08559123374652,50
22,1.83036441279072,50
23,1.80247352525409,50
24,2.38616235407413,50
26,1.86755268400749,50
27,1.42028015312065,50
28,2.3588582490586,50
29,1.81660662821052,50
32,1.86630109947878,50
36,4.81902728219286,50
38,1.72261713222414,50
39,1.29920774787124,50
40,2.47025955681228,50
42,2.23952869379095,50
44,0.970717924487692,50
46,3.25416109551802,50
50,1.06419312465724,50
52,1.45850909966515,50
53,1.59100988823073,50
54,1.859464328155,50
55,1.68518477047599,50
58,1.55997259885619,50
61,1.36348904407006,50
63,1.5878413479669,50
65,1.36927959947256,50
67,1.60621014967201,50
68,1.70905071527231,50
71,2.09403434040601,50
74,1.63566814837116,50
77,1.78615124730658,50
78,1.62156717428393,50
82,1.06059167839312,50
83,1.81524967520164,50
85,1.6065078386852,50
86,1.27078937411911,50
89,2.04447298709935,50
90,2.38081946517175,50
95,1.79406388210238,50
96,1.95845153780751,50
100,2.02720050532081,50
2,1.25271633865119,51
3,2.19716228816252,51
4,1.04391126261814,51
5,2.52870551646705,51
7,1.07249665367875,51
9,1.72436588104845,51
10,1.98266620249105,51
11,1.66430634190567,51
12,1.7230749886716,51
17,0.997226248883908,51
20,1.10829809481732,51
22,1.80791747263164,51
23,1.77982591057667,51
24,2.30026021459771,51
26,1.81336791038562,51
27,1.40738839135468,51
28,2.38714673044046,51
29,1.78533427318545,51
32,1.81957928757397,51
36,4.8119630932667,51
38,1.60877665854463,51
39,1.36369036233958,51
40,2.38030066542056,51
42,2.23399927283744,51
44,0.997809790974472,51
46,3.25682853965163,51
50,1.08014891828519,51
52,1.38767221477649,51
53,1.61302679757174,51
54,1.91743464695038,51
55,1.72435864527891,51
58,1.53719091633585,51
61,1.34940569502265,51
63,1.58538579725652,51
65,1.39359067494472,51
67,1.41637436540837,51
68,1.69228034722677,51
71,2.09195959277916,51
74,1.63114022526967,51
77,1.77545642323546,51
78,1.58578752732598,51
82,1.02122123170327,51
83,1.74279630295279,51
85,1.59628032965733,51
86,1.26601550585673,51
89,2.01478856206539,51
90,2.37567338353316,51
95,1.75242217666838,51
96,1.92394608910582,51
100,2.07120045088198,51
2,1.2996406381354,52
3,2.17623442921678,52
4,1.03932176068972,52
5,2.47371581269289,52
7,1.05470457732617,52
9,1.68721538381576,52
10,1.97625105653664,52
11,1.65127950083234,52
12,1.7073025629745,52
17,1.02583573730926,52
20,1.11364092118753,52
22,1.78855013509569,52
23,1.79818532043668,52
24,2.33201398280585,52
26,1.82083647142576,52
27,1.38471216418372,52
28,2.40288485952478,52
29,1.87687201658563,52
32,1.7813616314025,52
36,4.7805293900611,52
38,1.48184947163496,52
39,1.3483796255924,52
40,2.360346355663,52
42,2.18641626928274,52
44,1.04753530669198,52
46,3.24699012286938,52
50,1.0697023876122,52
52,1.4132068169845,52
53,1.53775193678586,52
54,1.88405577051539,52
55,1.63763513655323,52
58,1.53128571524701,52
61,1.32135076295627,52
63,1.58967951930995,52
65,1.38559314102306,52
67,1.38457341694184,52
68,1.7012106125329,52
71,2.06171051336786,52
74,1.65655253528356,52
77,1.76860115850107,52
78,1.60829207409741,52
82,1.0034092615775,52
83,1.64909542638358,52
85,1.58067744398347,52
86,1.2358206274843,52
89,1.97497681059614,52
90,2.34942319978529,52
95,1.74494271194559,52
96,1.88953391567769,52
100,2.06569423533807,52
2,1.28653942358899,53
3,2.18991774567586,53
4,1.04145979206776,53
5,2.61765247730022,53
7,1.03520504172035,53
9,1.6954206142465,53
10,1.96750927059501,53
11,1.62656107335767,53
12,1.66763149202002,53
17,1.04037592563235,53
20,1.11869029220149,53
22,1.71246638262591,53
23,1.79448046120483,53
24,2.32634120924312,53
26,1.82365375022003,53
27,1.36805034615758,53
28,2.40203988087591,53
29,1.88948870453893,53
32,1.73608652703007,53
36,4.77061922414124,53
38,1.42150949186081,53
39,1.35536758432196,53
40,2.35277150181103,53
42,2.12043942110828,53
44,0.999669790430698,53
46,3.19961327498752,53
50,1.03992176443307,53
52,1.40578599369538,53
53,1.3946619156686,53
54,1.89890308264597,53
55,1.65408012910011,53
58,1.53407863882382,53
61,1.29510459405421,53
63,1.59154522382987,53
65,1.3435801801055,53
67,1.34820090298066,53
68,1.7103744885148,53
71,2.07706732316377,53
74,1.64730699331976,53
77,1.77436029850565,53
78,1.62017306050413,53
82,1.04086101335521,53
83,1.65534550854374,53
85,1.56627432451924,53
86,1.23988580827844,53
89,1.96426513910086,53
90,2.29155313781155,53
95,1.74035861279999,53
96,1.905498540849,53
100,2.02558951899912,53
2,1.28719742977601,54
3,2.17177663540484,54
4,1.02313204297113,54
5,2.63478346490478,54
7,1.04119157477627,54
9,1.71779320936407,54
10,1.9586717235777,54
11,1.60940411455548,54
12,1.72285302908638,54
17,1.04102357151598,54
20,1.13761488755994,54
22,1.66870390194226,54
23,1.82939983683448,54
24,2.28358232493981,54
26,1.83750711738174,54
27,1.36117249091428,54
28,2.37546360768343,54
29,1.92116305483896,54
32,1.79475881399829,54
36,4.77787260412098,54
38,1.42097535862321,54
39,1.36506476120115,54
40,2.34245372079209,54
42,2.07501041768531,54
44,0.972986642528592,54
46,3.20588290990377,54
50,0.994981685328457,54
52,1.39522278987836,54
53,1.33906179405486,54
54,1.83087533990255,54
55,1.62707299130796,54
58,1.52568818029645,54
61,1.33679455609128,54
63,1.57734302672692,54
65,1.32864736228298,54
67,1.35047818674524,54
68,1.70852273690933,54
71,2.06411081507478,54
74,1.62634215792641,54
77,1.77243657929471,54
78,1.56683150333428,54
82,1.0201061443606,54
83,1.62328143933613,54
85,1.57008060821921,54
86,1.25477996576866,54
89,1.92506022942438,54
90,2.28051537477637,54
95,1.7361673886294,54
96,1.92906008808789,54
100,1.98554445308727,54
2,1.20092269388165,55
3,2.14847167225858,55
4,1.0151365959003,55
5,2.6207337771522,55
7,1.0330422057403,55
9,1.74385240655919,55
10,1.96160506315893,55
11,1.60645882171478,55
12,1.6706498861025,55
17,1.04262774986169,55
20,1.14827446354326,55
22,1.63630714425777,55
23,1.84157710938046,55
24,2.2893411182451,55
26,1.84492744213352,55
27,1.34321652807691,55
28,2.36633835216678,55
29,2.01435698885314,55
32,1.75940565740996,55
36,4.79796223390372,55
38,1.45361979802,55
39,1.3851370702544,55
40,2.27428164363474,55
42,1.96481382282398,55
44,0.973218854221662,55
46,3.17820901651628,55
50,0.959821913683222,55
52,1.33691433824089,55
53,1.41784290904941,55
54,1.78907684965061,55
55,1.74178461060368,55
58,1.48426219134817,55
61,1.32700426034529,55
63,1.56595162487407,55
65,1.33211293779699,55
67,1.32937338123004,55
68,1.69975161832833,55
71,2.02993161535915,55
74,1.63092575997935,55
77,1.7592098199659,55
78,1.51885683206536,55
82,0.991776206668663,55
83,1.58343838959302,55
85,1.5535309686043,55
86,1.25973610838125,55
89,1.8647664894472,55
90,2.28018102865353,55
95,1.75053982830771,55
96,1.96005777476775,55
100,1.88200640189798,55
2,1.19339489853514,56
3,2.15037450706274,56
4,1.00674334317372,56
5,2.58403706880778,56
7,0.999400612071799,56
9,1.73008717148035,56
10,1.94714261094699,56
11,1.58901678828918,56
12,1.58574169581897,56
17,1.03419055434676,56
20,1.12853408203953,56
22,1.63529674340322,56
23,1.82059748814684,56
24,2.29707589014631,56
26,1.93357302192834,56
27,1.33730001579152,56
28,2.3349721103739,56
29,2.00871126364175,56
32,1.75114352374904,56
36,4.79164719321026,56
38,1.34097255702384,56
39,1.37867778820963,56
40,2.20469780240163,56
42,1.81746949567289,56
44,0.990418643059293,56
46,3.16724326871488,56
50,0.933195939733558,56
52,1.2937443145243,56
53,1.36755890649863,56
54,1.75737733488534,56
55,1.74451461143675,56
58,1.427772159411,56
61,1.25763636651141,56
63,1.54556098820126,56
65,1.3219557470949,56
67,1.28601308888129,56
68,1.68748403732818,56
71,1.99892444858893,56
74,1.61548363893839,56
77,1.71881895779214,56
78,1.49390478137874,56
82,1.0088147005515,56
83,1.53154012840088,56
85,1.50719458514881,56
86,1.25628743877899,56
89,1.91672945764241,56
90,2.29372227507723,56
95,1.77353324419254,56
96,1.98131426222819,56
100,1.86843355355784,56
2,1.14551158001814,57
3,2.16618705669682,57
4,0.991091907178398,57
5,2.5405374926099,57
7,0.939991029148367,57
9,1.73051501012703,57
10,1.94417908737167,57
11,1.58125326602879,57
12,1.57971972438249,57
17,1.00764583418463,57
20,1.16365106267155,57
22,1.59229759510153,57
23,1.7549030204961,57
24,2.30315688653083,57
26,1.98240839598183,57
27,1.34900910126756,57
28,2.33314406983761,57
29,2.06191596976611,57
32,1.73830247336917,57
36,4.80441298761996,57
38,1.35243297903556,57
39,1.38771629884661,57
40,2.176475208534,57
42,1.77922813826405,57
44,1.0139527071554,57
46,3.14010188388986,57
50,0.924745680889538,57
52,1.28991934086225,57
53,1.38424760474469,57
54,1.78681811179814,57
55,1.74198423141077,57
58,1.40418535447235,57
61,1.2327855326113,57
63,1.5289735696211,57
65,1.30171038344464,57
67,1.21756496164496,57
68,1.66852967670273,57
71,1.98498197865822,57
74,1.59691232921333,57
77,1.69567452808019,57
78,1.47075953996942,57
82,1.02069905374122,57
83,1.51904046439083,57
85,1.48264841765334,57
86,1.26921380185782,57
89,1.92444067619292,57
90,2.28358932288608,57
95,1.81418797734863,57
96,1.98792725830305,57
100,1.73661707175449,57
2,1.11237315360515,58
3,2.17253698300674,58
4,0.988176354003026,58
5,2.50849502987987,58
7,0.889160032887215,58
9,1.65387609034946,58
10,1.93323196474784,58
11,1.56883863257689,58
12,1.54153929523095,58
17,0.976677444187941,58
20,1.17419603442112,58
22,1.55894161416401,58
23,1.68714356415196,58
24,2.36230859525957,58
26,2.00354515264976,58
27,1.32809635207135,58
28,2.32314438662344,58
29,2.01774119248676,58
32,1.74681093535075,58
36,4.80299211597837,58
38,1.41028517722147,58
39,1.33372250178274,58
40,2.08286514759213,58
42,1.74712420248214,58
44,0.940960141776096,58
46,3.12646250036795,58
50,0.894378252589758,58
52,1.30880485095322,58
53,1.40474943240322,58
54,1.72811218155118,58
55,1.71451698514151,58
58,1.39443853473509,58
61,1.21706578880885,58
63,1.5344497303583,58
65,1.31842354816493,58
67,1.17410960823911,58
68,1.64575212631676,58
71,1.97724745575792,58
74,1.57772135009236,58
77,1.68039741918252,58
78,1.49419595025278,58
82,1.00628055405839,58
83,1.52265437749236,58
85,1.47383640196833,58
86,1.30172799500265,58
89,1.91129326400141,58
90,2.24518853699995,58
95,1.79915092545921,58
96,1.98768599254983,58
100,1.61200272829064,58
2,1.09326396815464,59
3,2.16855583725894,59
4,0.950323442242628,59
5,2.4779360970863,59
7,0.875499489245128,59
9,1.65375905619539,59
10,1.9444119669398,59
11,1.56754465707513,59
12,1.56238464249888,59
17,0.958035679292881,59
20,1.13367598109452,59
22,1.57837254499744,59
23,1.62781073197695,59
24,2.3570978610618,59
26,1.9934294474217,59
27,1.31033787313565,59
28,2.32216332757297,59
29,1.98841679877937,59
32,1.72107059076352,59
36,4.78219517108014,59
38,1.45535496168221,59
39,1.30079278937675,59
40,2.02227461169427,59
42,1.71240666895449,59
44,0.890186031989257,59
46,3.07212270689116,59
50,0.896860977768629,59
52,1.30971875820204,59
53,1.3842861540971,59
54,1.68667945344529,59
55,1.62856946841284,59
58,1.40235967321142,59
61,1.17660388570002,59
63,1.5525190755735,59
65,1.32367055851936,59
67,1.19794619655993,59
68,1.63854836064489,59
71,1.95157199457539,59
74,1.56042757657775,59
77,1.65239277764839,59
78,1.5129412233309,59
82,0.958528805366864,59
83,1.52895816655247,59
85,1.43028711703765,59
86,1.30045350373924,59
89,1.93154018252183,59
90,2.24009660787773,59
95,1.80042703555435,59
96,1.97340803572646,59
100,1.47926414031155,59
2,1.10153098114053,60
3,2.08467189079949,60
4,0.928791260388348,60
5,2.42730121537154,60
7,0.864932805652217,60
9,1.61618405123114,60
10,1.94203269314001,60
11,1.56060653190106,60
12,1.56548901440364,60
17,0.978222968061566,60
20,1.09298123561016,60
22,1.5900098326687,60
23,1.60308502861332,60
24,2.34683111820014,60
26,2.00354815733925,60
27,1.24551929105667,60
28,2.32017034840632,60
29,1.95884241352773,60
32,1.78335423860395,60
36,4.75564993981815,60
38,1.43740875452614,60
39,1.25610923560365,60
40,1.99481168606386,60
42,1.68205052394024,60
44,0.863356937797488,60
46,3.09472267615909,60
50,0.882659632191127,60
52,1.29791681129058,60
53,1.35033105627881,60
54,1.65243551937919,60
55,1.60966572665413,60
58,1.42266482115166,60
61,1.19550826609885,60
63,1.53923875648096,60
65,1.32277193149537,60
67,1.2468606630588,60
68,1.61747849612305,60
71,1.9239432545051,60
74,1.56873174012602,60
77,1.62061140442526,60
78,1.48154947530321,60
82,0.966316939161358,60
83,1.54762073287869,60
85,1.40418461200951,60
86,1.30777659302475,60
89,1.89006158584402,60
90,2.24788189682043,60
95,1.8218027868254,60
96,1.99854871318817,60
100,1.43559477422723,60
2,1.12339902265209,61
3,2.0465025348919,61
4,0.904125986305341,61
5,2.36252672176027,61
7,0.865017249679182,61
9,1.61520778487772,61
10,1.94850014040325,61
11,1.55420230640441,61
12,1.53937457384637,61
17,0.992718785882595,61
20,1.02573816492594,61
22,1.59858996758237,61
23,1.59099000701978,61
24,2.28438040949146,61
26,2.02924270002896,61
27,1.21662100338765,61
28,2.31113348242459,61
29,1.87781394327683,61
32,1.74262346239977,61
36,4.75180988584568,61
38,1.4365359709233,61
39,1.26443552754158,61
40,1.98801961265354,61
42,1.66067355958485,61
44,0.879651493029893,61
46,3.04449038960802,61
50,0.867707942751274,61
52,1.28962242788871,61
53,1.28763479540415,61
54,1.59555768697542,61
55,1.5458468726965,61
58,1.42557292419755,61
61,1.18518338302947,61
63,1.52175507062643,61
65,1.26066756029549,61
67,1.27001874388122,61
68,1.60028109297957,61
71,1.9179506223926,61
74,1.57210503652297,61
77,1.60266479921801,61
78,1.43642725197015,61
82,0.9352856565,61
83,1.55289366111256,61
85,1.39281913644197,61
86,1.31339216833504,61
89,1.87703548324944,61
90,2.25470888082321,61
95,1.79153811987764,61
96,2.01543329970028,61
100,1.41518747936627,61
2,1.14646401517395,62
3,2.03336473911496,62
4,0.894376104213038,62
5,2.28681558017394,62
7,0.867941180470103,62
9,1.60206071241861,62
10,1.94345137810957,62
11,1.52886908438435,62
12,1.48545345854857,62
17,0.99925129117439,62
20,0.964342793497698,62
22,1.60836101543219,62
23,1.58133628155556,62
24,2.22742235969693,62
26,2.0206754398187,62
27,1.07967020216191,62
28,2.29023062400386,62
29,1.85267454544694,62
32,1.74209776126935,62
36,4.7589873495218,62
38,1.42808842084567,62
39,1.25745904821215,62
40,1.98055108983206,62
42,1.66549263269895,62
44,0.891008807649546,62
46,3.07182054248564,62
50,0.851073104763605,62
52,1.27543387754185,62
53,1.25912558500446,62
54,1.54583075042356,62
55,1.52017993870974,62
58,1.40893061969122,62
61,1.19646721401506,62
63,1.49161523176745,62
65,1.26821446142215,62
67,1.42190525110679,62
68,1.57645344126455,62
71,1.89204845873215,62
74,1.56973197318065,62
77,1.58609011684435,62
78,1.38682346999942,62
82,0.900899086300399,62
83,1.55918239171166,62
85,1.39344356861155,62
86,1.29442446748621,62
89,1.96832136897844,62
90,2.2514542008154,62
95,1.74731426217569,62
96,2.00591274536373,62
100,1.42723099577485,62
2,1.16560573638001,63
3,2.0139972947362,63
4,0.8670495400249,63
5,2.22323652351343,63
7,0.868588421523552,63
9,1.60390529556844,63
10,1.94469854474483,63
11,1.5416567345737,63
12,1.48020337783759,63
17,0.993238439646655,63
20,0.920256917597299,63
22,1.60679336682649,63
23,1.57477372140103,63
24,2.16420840856561,63
26,2.03623007124764,63
27,1.16205526526655,63
28,2.25022387040564,63
29,1.82446443450353,63
32,1.76369018716065,63
36,4.76757614612668,63
38,1.41633591752496,63
39,1.22518014789825,63
40,1.95294445496702,63
42,1.69564788463565,63
44,0.859149244439138,63
46,3.05240858039379,63
50,0.86459447943929,63
52,1.27500048146905,63
53,1.22341939204231,63
54,1.52220171608611,63
55,1.5187495191028,63
58,1.39011366301861,63
61,1.13114519675108,63
63,1.46950374740628,63
65,1.25438385575292,63
67,1.45725973262301,63
68,1.54278292169225,63
71,1.89229240949512,63
74,1.55849038305383,63
77,1.61346094575919,63
78,1.37582463447322,63
82,0.843167580934155,63
83,1.55271372572925,63
85,1.37745736443851,63
86,1.27478723540488,63
89,1.96651513957178,63
90,2.20605551493478,63
95,1.71569910540208,63
96,1.94600691762105,63
100,1.44211850316156,63
2,1.1230856574724,64
3,2.02279227373735,64
4,0.866421134220869,64
5,2.18144408836742,64
7,0.851653777839948,64
9,1.6174320675144,64
10,1.93743359535313,64
11,1.5067058357408,64
12,1.44874465953587,64
17,0.979480290382834,64
20,0.902779139544918,64
22,1.63249643946514,64
23,1.56447097469636,64
24,2.1033782584484,64
26,2.02012973524485,64
27,1.15892577059631,64
28,2.20841033021036,64
29,1.80511570179616,64
32,1.70388324123837,64
36,4.76520625471851,64
38,1.40581390711005,64
39,1.21565762983636,64
40,1.89945071166289,64
42,1.73959960354817,64
44,0.825764446886706,64
46,3.07899302422188,64
50,0.852543207499182,64
52,1.26172495543859,64
53,1.21606021987554,64
54,1.5217608906052,64
55,1.51788424523067,64
58,1.38095633230391,64
61,1.1331218655551,64
63,1.45876685321648,64
65,1.24302983138812,64
67,1.49105453593304,64
68,1.51642833324576,64
71,1.86301788179523,64
74,1.54466444662441,64
77,1.60541226422918,64
78,1.38618370541878,64
82,0.813415824850282,64
83,1.55100983391291,64
85,1.35455367068719,64
86,1.27261986048426,64
89,1.90938280854123,64
90,2.18287184300312,64
95,1.66612669568786,64
96,1.91531005118483,64
100,1.47245055470174,64
2,1.10269255351547,65
3,2.05750323247045,65
4,0.874811523803823,65
5,2.16100175538077,65
7,0.843240847973258,65
9,1.62048605821112,65
10,1.9234479025494,65
11,1.51919435451201,65
12,1.44158785290448,65
17,0.943440417917611,65
20,0.890951962507957,65
22,1.62372467015716,65
23,1.54971594836732,65
24,2.08310504469962,65
26,1.91515474907991,65
27,1.17273593150013,65
28,2.18741952529306,65
29,1.69123746492447,65
32,1.62945869322356,65
36,4.78202256233626,65
38,1.40346312254038,65
39,1.18911327273706,65
40,1.87646818362723,65
42,1.73823884554186,65
44,0.793865061418238,65
46,3.08990055742767,65
50,0.859407053353116,65
52,1.25396853159206,65
53,1.22629424310322,65
54,1.57650776722341,65
55,1.49296325864346,65
58,1.37900251004993,65
61,1.00208315567268,65
63,1.47068022974824,65
65,1.24745374804366,65
67,1.46790448898204,65
68,1.5057897167515,65
71,1.85460011009335,65
74,1.5304673786314,65
77,1.59567726722363,65
78,1.39277749077762,65
82,0.838090261607221,65
83,1.53960637690651,65
85,1.35748552432372,65
86,1.27639923520461,65
89,1.9428934704074,65
90,2.18628683071781,65
95,1.61227112806376,65
96,1.89277152057549,65
100,1.50519830133741,65
2,1.09968649855497,66
3,2.05319364725528,66
4,0.868276621179436,66
5,2.14697439424937,66
7,0.8196604402207,66
9,1.61893526855162,66
10,1.89935632415425,66
11,1.46942904337661,66
12,1.41959051082523,66
17,0.898181441501818,66
20,0.893237625738532,66
22,1.61996186159785,66
23,1.53235492319693,66
24,2.09921888999125,66
26,1.86000013769398,66
27,1.20760019156225,66
28,2.15611004953505,66
29,1.56150645901903,66
32,1.58150098442883,66
36,4.75747448053226,66
38,1.38298221965314,66
39,1.20928858207833,66
40,1.85792825576076,66
42,1.72468517882855,66
44,0.776596924711377,66
46,3.10360173373222,66
50,0.84625376673706,66
52,1.17202718408997,66
53,1.23487685924191,66
54,1.58691566131406,66
55,1.47912316978533,66
58,1.35973156368692,66
61,0.991392699432311,66
63,1.4688571518127,66
65,1.27740977948638,66
67,1.50141657020829,66
68,1.47993064979859,66
71,1.83354175429263,66
74,1.51300668498589,66
77,1.56051001002137,66
78,1.43213810802598,66
82,0.820206720537926,66
83,1.50026763886411,66
85,1.32112378385689,66
86,1.28742734175427,66
89,1.99754638903489,66
90,2.18845764960021,66
95,1.54607866301917,66
96,1.87727358527032,66
100,1.5200712326749,66
2,1.09537056006452,67
3,2.02055688871022,67
4,0.842569029172228,67
5,2.12767769864603,67
7,0.801843872904119,67
9,1.60005381371602,67
10,1.86256563694815,67
11,1.47109131456427,67
12,1.38812370934652,67
17,0.857439285249593,67
20,0.867864524519901,67
22,1.63412648183522,67
23,1.51108381026451,67
24,2.10727159325454,67
26,1.80369930174679,67
27,1.1588603653366,67
28,2.135556937841,67
29,1.42010500144802,67
32,1.54629984042388,67
36,4.68588268952528,67
38,1.39223360177374,67
39,1.21073599352576,67
40,1.8599389495379,67
42,1.61028910735532,67
44,0.810253146870293,67
46,3.11088219148486,67
50,0.847043038127883,67
52,1.22558464124699,67
53,1.24540986648313,67
54,1.56489660750718,67
55,1.46916831097148,67
58,1.33169167286482,67
61,1.04013720347105,67
63,1.47309097301481,67
65,1.3003257713425,67
67,1.44477840908739,67
68,1.50057857631372,67
71,1.82811541832018,67
74,1.48171992984064,67
77,1.53606110710573,67
78,1.43896368175866,67
82,0.783309683544344,67
83,1.47542628693371,67
85,1.29042001610549,67
86,1.29285952397738,67
89,1.92237709065264,67
90,2.19734017680826,67
95,1.48630591381346,67
96,1.87341626682574,67
100,1.49440975617215,67
2,1.06851147686494,68
3,1.97226776125171,68
4,0.805252788438368,68
5,2.12801248000091,68
7,0.789896486233486,68
9,1.56596645490645,68
10,1.84160394324526,68
11,1.4757536473893,68
12,1.39815752829889,68
17,0.824798803787893,68
20,0.839135068567633,68
22,1.60088934577061,68
23,1.46684609887098,68
24,2.0841244657782,68
26,1.78866629261758,68
27,1.14548670909037,68
28,2.11427595420092,68
29,1.51257088455504,68
32,1.55865276874424,68
36,4.66580264519354,68
38,1.44623419807852,68
39,1.10466508490943,68
40,1.85084518964081,68
42,1.53578665280434,68
44,0.782112292702237,68
46,3.09889147229229,68
50,0.867520110947632,68
52,1.16898203208244,68
53,1.26078026773661,68
54,1.58136104449736,68
55,1.43993653724068,68
58,1.31647567988811,68
61,1.06029227933853,68
63,1.47634283605208,68
65,1.30231913545168,68
67,1.42776758657028,68
68,1.49436943718622,68
71,1.82826541327558,68
74,1.43446069429471,68
77,1.5369868677859,68
78,1.41845811478847,68
82,0.757735272157445,68
83,1.4602366289167,68
85,1.29512249866196,68
86,1.27794657167103,68
89,1.90940139738865,68
90,2.19340977432524,68
95,1.46048903137902,68
96,1.89543999111734,68
100,1.43578852779715,68
2,1.05171808653368,69
3,1.91650889456954,69
4,0.792805333618073,69
5,2.14774165586495,69
7,0.788411777766838,69
9,1.56443841462879,69
10,1.78363921146477,69
11,1.47161000029353,69
12,1.50497841483594,69
17,0.799756754159962,69
20,0.816340070013875,69
22,1.53236234221266,69
23,1.45213673072175,69
24,2.03303319105566,69
26,1.7679331001373,69
27,1.13544326524629,69
28,2.13182960667222,69
29,1.51781459977861,69
32,1.59788793173926,69
36,4.60469134170409,69
38,1.52900147553597,69
39,1.04912019749361,69
40,1.95238091682824,69
42,1.51971476179652,69
44,0.838873644275544,69
46,3.0600710154756,69
50,0.856561803767113,69
52,1.13637984260306,69
53,1.27970605577778,69
54,1.58164910924583,69
55,1.44964339323188,69
58,1.30385188987876,69
61,1.06751789237415,69
63,1.47655855974323,69
65,1.28404736603057,69
67,1.37612179576052,69
68,1.48938667654313,69
71,1.81516742443056,69
74,1.38883387574981,69
77,1.52717540973255,69
78,1.40222080677018,69
82,0.74720712975585,69
83,1.46002098473268,69
85,1.30457205235343,69
86,1.25988991548985,69
89,1.98589028772319,69
90,2.18920289440973,69
95,1.45439208825358,69
96,1.87212945600584,69
100,1.42803660551348,69
2,1.0178120834329,70
3,1.87762032109427,70
4,0.77761160232811,70
5,2.12172317718753,70
7,0.771694662072332,70
9,1.54929842892689,70
10,1.71798807969745,70
11,1.46664403162794,70
12,1.52498639860176,70
17,0.786044086001506,70
20,0.800153758610486,70
22,1.44754383108744,70
23,1.4159221826029,70
24,1.99894369089586,70
26,1.82844251848753,70
27,1.11633716424958,70
28,2.11801730038586,70
29,1.72636501437713,70
32,1.53036981214698,70
36,4.59600719043586,70
38,1.59630856924913,70
39,1.00716810660473,70
40,1.98150087676007,70
42,1.44591436310119,70
44,0.782552045036577,70
46,3.06369412066662,70
50,0.828939032550664,70
52,1.11095742783503,70
53,1.27052930835865,70
54,1.58266676142075,70
55,1.45596233434552,70
58,1.30422580171522,70
61,1.04933327424161,70
63,1.4726087227891,70
65,1.22745993417106,70
67,1.34931500002309,70
68,1.49078812465664,70
71,1.82268378894167,70
74,1.35070027062777,70
77,1.51968857641938,70
78,1.35008073462135,70
82,0.743423719828673,70
83,1.46949853116242,70
85,1.32119680289711,70
86,1.25830245274385,70
89,1.96203716007166,70
90,2.19639202305776,70
95,1.39932730387728,70
96,1.82957905554533,70
100,1.44056649272731,70
2,1.00586434644967,71
3,1.88355758774377,71
4,0.761568856752736,71
5,2.08465683092429,71
7,0.769072173953584,71
9,1.48172351008114,71
10,1.62410694231807,71
11,1.46403712980938,71
12,1.51108425817202,71
17,0.779506477831263,71
20,0.792595829120982,71
22,1.40973037111018,71
23,1.39886693706832,71
24,1.97321938245193,71
26,1.76126781740941,71
27,1.1107143611224,71
28,2.11060238123721,71
29,1.60489097618585,71
32,1.48836337559143,71
36,4.58280122472718,71
38,1.63232078818999,71
39,1.07322764829654,71
40,2.02885353968376,71
42,1.38737389774203,71
44,0.756193455894144,71
46,3.061840789927,71
50,0.805100680451519,71
52,1.10339436708399,71
53,1.21112608008336,71
54,1.55377810367924,71
55,1.43247536962361,71
58,1.31866192592358,71
61,1.04394465314278,71
63,1.47096285753963,71
65,1.20918388519594,71
67,1.34699743951412,71
68,1.48263798446848,71
71,1.8224698721952,71
74,1.31985521327353,71
77,1.51577879431678,71
78,1.33023078002551,71
82,0.741037573633566,71
83,1.45027274113197,71
85,1.32854525738636,71
86,1.2634019702085,71
89,1.9388291098018,71
90,2.20046848150267,71
95,1.35934454352044,71
96,1.79020981486611,71
100,1.42878149303202,71
2,0.991758423107631,72
3,1.91154463967088,72
4,0.741201207125155,72
5,2.07175030818662,72
7,0.756825443389946,72
9,1.45856258784758,72
10,1.57314865153333,72
11,1.45537956130783,72
12,1.56925291002412,72
17,0.7752607913585,72
20,0.789547925878575,72
22,1.36259919491277,72
23,1.37814815130478,72
24,1.91350602916165,72
26,1.71343456442707,72
27,1.11766140486424,72
28,2.09763168836848,72
29,1.53273806079998,72
32,1.54481114558129,72
36,4.53536481885911,72
38,1.59888147735292,72
39,1.00221213432836,72
40,2.04384117213769,72
42,1.33858791830651,72
44,0.738695664892251,72
46,3.05301638621188,72
50,0.752303000768941,72
52,1.10335429223519,72
53,1.17347221253676,72
54,1.49011572800302,72
55,1.42164231308244,72
58,1.35414287729514,72
61,1.05771372535945,72
63,1.46657997395932,72
65,1.19675324295289,72
67,1.29555900646519,72
68,1.47579450757742,72
71,1.82344885777252,72
74,1.30805194661616,72
77,1.51513379032493,72
78,1.2905366271152,72
82,0.738812933079402,72
83,1.45833568680452,72
85,1.32800973101969,72
86,1.23581934724282,72
89,1.91755714347975,72
90,2.1980086875557,72
95,1.27377868035591,72
96,1.75015868029169,72
100,1.41214990706487,72
2,0.979981039678102,73
3,1.94755708752519,73
4,0.755543488630067,73
5,2.06437974975184,73
7,0.741367449679165,73
9,1.45459046962265,73
10,1.48749715954309,73
11,1.44632553802486,73
12,1.49547959462836,73
17,0.77611323116433,73
20,0.797199822429436,73
22,1.30513863216698,73
23,1.35944394222066,73
24,1.90280410296727,73
26,1.69260703831118,73
27,1.09171153844535,73
28,2.09743827867681,73
29,1.50358214152473,73
32,1.55653453416106,73
36,4.47155166220369,73
38,1.50945503640272,73
39,0.925913011998179,73
40,2.05597264481619,73
42,1.28661756700925,73
44,0.724333936518883,73
46,3.03492760194649,73
50,0.718272080440976,73
52,1.09914787214747,73
53,1.14716731015577,73
54,1.448497134917,73
55,1.39897762293964,73
58,1.37264778954179,73
61,1.06808270555186,73
63,1.45811253924772,73
65,1.15732982888048,73
67,1.21973837105991,73
68,1.46976918404689,73
71,1.82700560714142,73
74,1.30524617253353,73
77,1.51303812656263,73
78,1.26733942176104,73
82,0.735030073951419,73
83,1.49000154458534,73
85,1.32058904001988,73
86,1.20241172500256,73
89,1.82626550998639,73
90,2.19284043936335,73
95,1.24795390621887,73
96,1.70778568851231,73
100,1.3936137052101,73
2,0.978914342867685,74
3,1.99196272035711,74
4,0.768901263131069,74
5,2.07052850925095,74
7,0.719903789185377,74
9,1.44950540846499,74
10,1.40267780957156,74
11,1.43593622868451,74
12,1.44416933464321,74
17,0.77614714143385,74
20,0.802670066958538,74
22,1.27693489468424,74
23,1.34754361138295,74
24,1.86736559474707,74
26,1.70015987187568,74
27,1.0509248679503,74
28,2.09727705776803,74
29,1.49775093030106,74
32,1.53971963884754,74
36,4.40910719091764,74
38,1.46883291080355,74
39,0.904447188839098,74
40,2.06069253538421,74
42,1.16520311157217,74
44,0.721163299032845,74
46,3.02380543282277,74
50,0.692896421182289,74
52,1.09430286817955,74
53,1.13713244756847,74
54,1.40789458787671,74
55,1.36338310786154,74
58,1.36622860697793,74
61,1.04289056280913,74
63,1.45579234568989,74
65,1.14370377821842,74
67,1.32988902273772,74
68,1.46752164142383,74
71,1.81009021578335,74
74,1.31205773849079,74
77,1.51674639776897,74
78,1.21246724298956,74
82,0.73514775862806,74
83,1.48165293857286,74
85,1.31268073653227,74
86,1.16663905192416,74
89,1.76505512929288,74
90,2.18554329138426,74
95,1.25858176933829,74
96,1.66244424201855,74
100,1.38528025590314,74
2,0.966789342422571,75
3,2.02436135302238,75
4,0.774289723976896,75
5,2.07067610769917,75
7,0.699372249211952,75
9,1.44711176874461,75
10,1.36245009507813,75
11,1.4252754503902,75
12,1.40786183540992,75
17,0.771967691644149,75
20,0.802124393273029,75
22,1.27611521516351,75
23,1.34265988345073,75
24,1.82796984861122,75
26,1.64053433882165,75
27,1.02234302760147,75
28,2.10878096855278,75
29,1.49540185245957,75
32,1.53013960016856,75
36,4.35823300741445,75
38,1.4178503354038,75
39,0.907865723573101,75
40,2.04695141040234,75
42,1.11496197901931,75
44,0.715404791416936,75
46,3.00169692085361,75
50,0.687818468444473,75
52,1.09524626773905,75
53,1.07665135772854,75
54,1.37036553258594,75
55,1.32927178242463,75
58,1.35553990767724,75
61,1.02888546306754,75
63,1.45688542220967,75
65,1.16316249707728,75
67,1.24079215397947,75
68,1.46116350888592,75
71,1.80628213206838,75
74,1.25829105723799,75
77,1.50922407286681,75
78,1.16491448714336,75
82,0.738713576302763,75
83,1.47866315889768,75
85,1.30127031166125,75
86,1.1338798753537,75
89,1.64863396568369,75
90,2.17579730098315,75
95,1.25849460378667,75
96,1.6305948253724,75
100,1.3773120144528,75
2,0.941305036775118,76
3,2.01770227396468,76
4,0.783065404729617,76
5,2.05770347325316,76
7,0.661673486933524,76
9,1.44230105277283,76
10,1.35429233244184,76
11,1.41210861540838,76
12,1.34943809615349,76
17,0.776118659411597,76
20,0.804918414579883,76
22,1.27081988942687,76
23,1.35556947319574,76
24,1.7845565678833,76
26,1.57641744913189,76
27,1.02347106378504,76
28,2.10452710445765,76
29,1.48317730479104,76
32,1.51510356510042,76
36,4.35671192144358,76
38,1.36268038032621,76
39,0.930790952792671,76
40,2.02746579079294,76
42,1.06147967459285,76
44,0.709613286469373,76
46,2.97127001510917,76
50,0.669072493002148,76
52,1.08238807409356,76
53,1.04229106859218,76
54,1.33682709791308,76
55,1.31306630314053,76
58,1.33636546228509,76
61,1.00769356651738,76
63,1.44956335634603,76
65,1.14298381080291,76
67,1.16067534034655,76
68,1.4461143268062,76
71,1.78613552496821,76
74,1.21404730984222,76
77,1.51051954360819,76
78,1.13950973280327,76
82,0.743928301259027,76
83,1.45970500312778,76
85,1.30482593142765,76
86,1.11136150100215,76
89,1.77122079087632,76
90,2.16107824564016,76
95,1.25760045406299,76
96,1.60255935236436,76
100,1.37593194291177,76
2,0.904633471007463,77
3,2.01423908281881,77
4,0.792498650139539,77
5,2.01860711410065,77
7,0.640427855481483,77
9,1.43553620427213,77
10,1.35639881270179,77
11,1.39696605327775,77
12,1.29323670791751,77
17,0.79192007397503,77
20,0.808238348176534,77
22,1.25463770769575,77
23,1.34355336376548,77
24,1.73274728663763,77
26,1.56688542420466,77
27,1.04596586820047,77
28,2.0959062356464,77
29,1.4712320052403,77
32,1.5051489033427,77
36,4.38281310725214,77
38,1.33834201280784,77
39,0.943005856707639,77
40,2.01085673318635,77
42,1.05832524085686,77
44,0.704189367724934,77
46,2.91756215399699,77
50,0.650112857613486,77
52,1.06394780584313,77
53,1.02872742899625,77
54,1.2768318763901,77
55,1.30544689814761,77
58,1.33143646429196,77
61,1.00720304399805,77
63,1.4384663558174,77
65,1.12887421581655,77
67,1.2052193321187,77
68,1.43008694128086,77
71,1.70116993489159,77
74,1.22068174184763,77
77,1.51748257525961,77
78,1.13853422265088,77
82,0.753858176095384,77
83,1.43660141764884,77
85,1.31730721037465,77
86,1.10663872420101,77
89,1.80822170981655,77
90,2.1470175409655,77
95,1.25825134808227,77
96,1.58158295088776,77
100,1.36531749916464,77
2,0.865986076485345,78
3,1.99167411107901,78
4,0.801536394668152,78
5,1.98346085854353,78
7,0.632864082269642,78
9,1.42620168892473,78
10,1.35530373474169,78
11,1.38221376766479,78
12,1.21296843786852,78
17,0.801298395806396,78
20,0.813909478241036,78
22,1.23985490217496,78
23,1.33551715578184,78
24,1.6685877797985,78
26,1.58623929139711,78
27,1.05487399593068,78
28,2.08434736371011,78
29,1.45582205604626,78
32,1.47968784699032,78
36,4.39262600383182,78
38,1.31405207109736,78
39,0.935181873868306,78
40,1.964310791627,78
42,1.10637646518139,78
44,0.710262449526765,78
46,2.83948497308807,78
50,0.646723449954443,78
52,1.04023517850302,78
53,1.0259184600226,78
54,1.19317936267627,78
55,1.30398916281072,78
58,1.31911843734142,78
61,0.999489484304414,78
63,1.41971419892254,78
65,1.11726813625416,78
67,1.17661566358056,78
68,1.41764477322353,78
71,1.62454064540793,78
74,1.21195520124571,78
77,1.52549098470511,78
78,1.10886247243828,78
82,0.75542990359065,78
83,1.40451375881665,78
85,1.34594064101279,78
86,1.09591959039975,78
89,1.78659447197534,78
90,2.13453221123369,78
95,1.2640822572029,78
96,1.55942860394478,78
100,1.34703217268876,78
2,0.837184140501623,79
3,1.97218963065137,79
4,0.76590979946958,79
5,1.96117205576719,79
7,0.618332516441868,79
9,1.41545112284369,79
10,1.37706545436062,79
11,1.38283348432679,79
12,1.18783556805042,79
17,0.815932228561852,79
20,0.806049971376024,79
22,1.25219911078641,79
23,1.28956300979035,79
24,1.63694159765518,79
26,1.60154058993207,79
27,1.06438214197087,79
28,2.06475966294559,79
29,1.45533609157302,79
32,1.47969699819624,79
36,4.39676083467789,79
38,1.29044759708853,79
39,0.913417749314768,79
40,1.91785761787778,79
42,1.16283309490259,79
44,0.7356137960087,79
46,2.72850492965914,79
50,0.658372364324853,79
52,1.03259225894301,79
53,1.03539987658491,79
54,1.13940906890245,79
55,1.28760298028009,79
58,1.30484419142018,79
61,0.970558107487601,79
63,1.41466404793631,79
65,1.10312715211343,79
67,1.13614764828671,79
68,1.39888528780458,79
71,1.59239579446257,79
74,1.19067446954031,79
77,1.52270143661019,79
78,1.06510603690151,79
82,0.755925990668817,79
83,1.39570543401366,79
85,1.36176283105834,79
86,1.07756054285293,79
89,1.77232614598661,79
90,2.12083776191731,79
95,1.29344006389969,79
96,1.55330365809611,79
100,1.31850140131486,79
2,0.815048832362935,80
3,1.97467950131937,80
4,0.72146163896059,80
5,1.97023909298724,80
7,0.594858374971773,80
9,1.39884373220939,80
10,1.39913189803991,80
11,1.40340125053282,80
12,1.36982618452441,80
17,0.828258215307882,80
20,0.77978856114295,80
22,1.22232384264048,80
23,1.21178933914206,80
24,1.70062119794358,80
26,1.60572539959318,80
27,1.08308541969422,80
28,2.0624184339119,80
29,1.47600177835139,80
32,1.4724363675029,80
36,4.39915062413891,80
38,1.26316311751025,80
39,0.886147869369671,80
40,1.88922662281027,80
42,1.18717366502282,80
44,0.771594128015774,80
46,2.68434628385934,80
50,0.663999936117714,80
52,1.03726506597978,80
53,1.02702806048002,80
54,1.13853299493078,80
55,1.26366827838864,80
58,1.28860769153133,80
61,0.949839802602998,80
63,1.40953655308672,80
65,1.09047061869923,80
67,1.08737755089474,80
68,1.38450553501181,80
71,1.56845409297097,80
74,1.15604094456309,80
77,1.5178372110858,80
78,1.0635068262896,80
82,0.765724514003371,80
83,1.38752775290927,80
85,1.35438562912445,80
86,1.05766422022166,80
89,1.76892407460567,80
90,2.11817048225819,80
95,1.31073095841688,80
96,1.56723557682718,80
100,1.26895342159593,80
2,0.811929362377815,81
3,1.99175427383638,81
4,0.708276141352944,81
5,1.97182366648105,81
7,0.59375253826709,81
9,1.38639435628901,81
10,1.40597045017892,81
11,1.43867855354222,81
12,1.37063925944087,81
17,0.834790787968088,81
20,0.725544744270195,81
22,1.17596717783564,81
23,1.12418320031412,81
24,1.73381920028676,81
26,1.60204945536149,81
27,1.08922844404448,81
28,2.06018421926105,81
29,1.51531286764186,81
32,1.47918316868772,81
36,4.3831422453388,81
38,1.2519919610787,81
39,0.841013583418546,81
40,1.87273107667003,81
42,1.17122314613361,81
44,0.798708217392288,81
46,2.69656555789096,81
50,0.652251614163742,81
52,1.06377759270224,81
53,1.01240867509162,81
54,1.14781034882721,81
55,1.22200265874708,81
58,1.27692230452899,81
61,0.935311140919374,81
63,1.38851715809666,81
65,1.1081854560312,81
67,0.988330375956525,81
68,1.3794567279949,81
71,1.53634524286107,81
74,1.12509719158565,81
77,1.50485606725309,81
78,1.0663478200752,81
82,0.77583242810294,81
83,1.37667228385212,81
85,1.33602810542722,81
86,1.04394488360582,81
89,1.76141518487305,81
90,2.12566256256546,81
95,1.32095621603908,81
96,1.59372840545136,81
100,1.19276206995836,81
2,0.828149337430009,82
3,2.01694374913809,82
4,0.677811951495956,82
5,2.00544549686217,82
7,0.60878275251551,82
9,1.37946303896953,82
10,1.38646123387306,82
11,1.46732943937423,82
12,1.40318747012871,82
17,0.842030864202999,82
20,0.707334628249276,82
22,1.13091460296763,82
23,1.1113755005567,82
24,1.65398965154878,82
26,1.59077254400129,82
27,1.06658134012924,82
28,2.05278721646963,82
29,1.56931775185791,82
32,1.4872900921924,82
36,4.34732365852238,82
38,1.23976216665037,82
39,0.800027216424717,82
40,1.8821741160789,82
42,1.1470816342394,82
44,0.818526502898459,82
46,2.71565162444597,82
50,0.652081961588115,82
52,1.09113964368896,82
53,0.992664125976262,82
54,1.14650457505284,82
55,1.19786855295829,82
58,1.27947948039849,82
61,0.93053495646689,82
63,1.34870559786914,82
65,1.1327924491482,82
67,0.910002625042807,82
68,1.3655939783378,82
71,1.50475336454862,82
74,1.11303851819207,82
77,1.49519024106597,82
78,1.07663615369488,82
82,0.790137588961274,82
83,1.35772976858125,82
85,1.29386478848608,82
86,1.03241656735113,82
89,1.73011883115329,82
90,2.15555097962218,82
95,1.35025033841043,82
96,1.5901531502599,82
100,1.13299605794217,82
2,0.827472416531421,83
3,1.97467966965352,83
4,0.680549934742543,83
5,1.96778663769223,83
7,0.603164618034613,83
9,1.37246258199796,83
10,1.37239891055301,83
11,1.47138189576362,83
12,1.26532923730754,83
17,0.841124428351262,83
20,0.716248122717426,83
22,1.11752705024347,83
23,1.20419972680268,83
24,1.5190256833624,83
26,1.56783578938336,83
27,0.99048602624547,83
28,2.045085938178,83
29,1.61744556433805,83
32,1.48399195231854,83
36,4.29151497659828,83
38,1.22268384819277,83
39,0.797334842923261,83
40,1.91256929802065,83
42,1.11957240988317,83
44,0.809345080876963,83
46,2.69844245158638,83
50,0.641760658194641,83
52,1.12385089459544,83
53,1.00838036395788,83
54,1.12126816999735,83
55,1.15687176119806,83
58,1.27948406903172,83
61,0.929022789180446,83
63,1.271860955231,83
65,1.12065105938977,83
67,0.822973546147445,83
68,1.34977469558574,83
71,1.48420178667613,83
74,1.06732354322965,83
77,1.48072237226444,83
78,1.06914670807531,83
82,0.787402041521865,83
83,1.34088079581078,83
85,1.26303773233269,83
86,1.02484154780745,83
89,1.66742262032051,83
90,2.17744406336422,83
95,1.3585812976244,83
96,1.57167447808467,83
100,1.09144451004519,83
2,0.794959486305999,84
3,1.90662764136707,84
4,0.681041535714792,84
5,1.92077793472016,84
7,0.59958025042015,84
9,1.3725908595781,84
10,1.31183185753369,84
11,1.44422307308899,84
12,1.18333243407299,84
17,0.832415403963175,84
20,0.730758857911335,84
22,1.13494446240174,84
23,1.24571409382653,84
24,1.48245060310123,84
26,1.52519171700271,84
27,0.946615672119872,84
28,2.04746892707154,84
29,1.60219624218195,84
32,1.48260535045899,84
36,4.41637966078743,84
38,1.20457369373026,84
39,0.824077549723319,84
40,1.91763455211599,84
42,1.1408705268389,84
44,0.764439646874305,84
46,2.64756563921855,84
50,0.606605473054863,84
52,1.13085158279191,84
53,1.00145972246942,84
54,1.10087792728051,84
55,1.10499941231458,84
58,1.26996605536803,84
61,0.9287413144029,84
63,1.26968657244593,84
65,1.11553304632336,84
67,0.749412766543242,84
68,1.31877554844411,84
71,1.50782292321905,84
74,1.01549121977735,84
77,1.45006429404608,84
78,1.06955525364705,84
82,0.759793776685289,84
83,1.3354088248165,84
85,1.22358206970827,84
86,1.02251869937073,84
89,1.6085060030177,84
90,2.1958154462138,84
95,1.43484907068633,84
96,1.53083917313765,84
100,1.06642425067245,84
2,0.793973628013567,85
3,1.81223692702626,85
4,0.653050224723867,85
5,1.80437621847557,85
7,0.587527701685763,85
9,1.37589344535437,85
10,1.2439972755436,85
11,1.40321932817434,85
12,1.11908809215354,85
17,0.812252114574823,85
20,0.743408104928346,85
22,1.12298345991386,85
23,1.17495093033259,85
24,1.51766356427336,85
26,1.45892808921247,85
27,0.920831232864311,85
28,2.0413293198798,85
29,1.47774317708696,85
32,1.51698588389848,85
36,4.41447022488004,85
38,1.20908358720062,85
39,0.849747266697138,85
40,1.89177272958088,85
42,1.17949476450774,85
44,0.712639752666301,85
46,2.56785777103261,85
50,0.581788988337251,85
52,1.09913974837732,85
53,0.961737065551232,85
54,1.1005135830915,85
55,1.0503370969167,85
58,1.2571425136346,85
61,0.884766123088281,85
63,1.25995169942789,85
65,1.10315185231181,85
67,0.664540122296131,85
68,1.28692127086616,85
71,1.54331222446418,85
74,0.977571788503395,85
77,1.44086625305124,85
78,1.04321455890259,85
82,0.708327615585002,85
83,1.31921663402859,85
85,1.1918818831554,85
86,1.02512830252565,85
89,1.51520839016389,85
90,2.20157457795938,85
95,1.44702315997323,85
96,1.50908993615536,85
100,1.02955588955966,85
2,0.826989176922474,86
3,1.69866293091378,86
4,0.632576004748131,86
5,1.70298877150475,86
7,0.555918708611754,86
9,1.37740561555894,86
10,1.13322930185417,86
11,1.361875293239,86
12,1.04689654405772,86
17,0.793640220419452,86
20,0.723941483412269,86
22,1.10802658460219,86
23,1.12735805911933,86
24,1.50309114444587,86
26,1.42093024142075,86
27,0.908976461978633,86
28,2.03324583970217,86
29,1.4167454418987,86
32,1.504427837104,86
36,4.33922572342434,86
38,1.20756890957766,86
39,0.892373563969931,86
40,1.89988991991982,86
42,1.16813375922359,86
44,0.718014837921339,86
46,2.5108973542037,86
50,0.576848262406241,86
52,1.05862425328799,86
53,0.902278570212396,86
54,1.08240074901931,86
55,1.01321920184215,86
58,1.22837907136734,86
61,0.875611482918409,86
63,1.2425032048497,86
65,1.05644016520413,86
67,0.785453378923807,86
68,1.25739881546058,86
71,1.50460183303832,86
74,1.04974267001334,86
77,1.42180818094155,86
78,1.0315351812029,86
82,0.672729923878213,86
83,1.29621786680287,86
85,1.16654659613588,86
86,1.02271275101043,86
89,1.43251144768658,86
90,2.19733808758722,86
95,1.37974300854743,86
96,1.45669322917289,86
100,0.99795843040028,86
2,0.804730193780371,87
3,1.54996212178851,87
4,0.634244300941942,87
5,1.71316293060316,87
7,0.548715946881663,87
9,1.36182450023505,87
10,1.09497942055459,87
11,1.31749120016074,87
12,1.01814321433825,87
17,0.770340068045002,87
20,0.698447290309558,87
22,1.0813530900854,87
23,1.03217853932316,87
24,1.51072425725722,87
26,1.40789076535501,87
27,0.922464200003649,87
28,2.0208908557241,87
29,1.30773621808255,87
32,1.45448114434025,87
36,4.30502803276518,87
38,1.1917117641492,87
39,0.882265990650529,87
40,1.85355541863896,87
42,1.15077890613319,87
44,0.695952708711188,87
46,2.48383686369227,87
50,0.571962133339609,87
52,0.996808990298886,87
53,0.902193086154905,87
54,1.02712070629847,87
55,1.09119410614422,87
58,1.20546089371946,87
61,0.919223584336995,87
63,1.23475525195844,87
65,1.03458221763177,87
67,0.777766437352033,87
68,1.21316624329518,87
71,1.46368983470351,87
74,0.980022521802063,87
77,1.39077639724785,87
78,1.02424447517871,87
82,0.648107717517471,87
83,1.27420844254969,87
85,1.13531144337467,87
86,1.01187852158466,87
89,1.40745729934721,87
90,2.18296940125238,87
95,1.32251934335354,87
96,1.43420921593495,87
100,0.969966228922335,87
2,0.818563578933517,88
3,1.40456543390107,88
4,0.596777246767663,88
5,1.62695055685333,88
7,0.539109432089204,88
9,1.3275947956976,88
10,1.15038203349909,88
11,1.27189814815372,88
12,1.11971039787788,88
17,0.738935178253935,88
20,0.638334253551477,88
22,1.02955498115971,88
23,1.04151168922793,88
24,1.54361776488071,88
26,1.3724411243893,88
27,0.93570709521115,88
28,2.00537489250712,88
29,1.19212798467312,88
32,1.42396456849893,88
36,4.28011536214696,88
38,1.18143853721522,88
39,0.830650784987599,88
40,1.75832751729745,88
42,1.10629375421426,88
44,0.659746061791848,88
46,2.47305920311525,88
50,0.569993098861734,88
52,0.926957879825393,88
53,0.906697293882313,88
54,0.991045321341216,88
55,1.13141019019296,88
58,1.22559812063345,88
61,0.879796543834215,88
63,1.25546093318717,88
65,1.00588316390045,88
67,0.720537078898118,88
68,1.14543548339575,88
71,1.42718582593784,88
74,0.871113076164178,88
77,1.40649199510609,88
78,1.00939680690246,88
82,0.625696811832036,88
83,1.27355970233277,88
85,1.11772578773914,88
86,0.989477790856903,88
89,1.40012721356719,88
90,2.15844730108553,88
95,1.25725569919175,88
96,1.4052687853711,88
100,0.98116277170837,88
2,0.821644800289658,89
3,1.26930316438833,89
4,0.604032443280085,89
5,1.55573670577915,89
7,0.517730487384714,89
9,1.273301737394,89
10,1.19648365963621,89
11,1.2331197225445,89
12,1.07310158933372,89
17,0.700785233865904,89
20,0.638684532014564,89
22,0.984549964189529,89
23,1.03851770676742,89
24,1.60270613292762,89
26,1.33532616083472,89
27,0.939853605103293,89
28,1.98304491472522,89
29,1.09736117279903,89
32,1.39436651340548,89
36,4.24231411497803,89
38,1.14529861290678,89
39,0.768141412908439,89
40,1.69624141164002,89
42,1.06555698893205,89
44,0.621516396335961,89
46,2.49054223843206,89
50,0.580878273347346,89
52,0.871515888653184,89
53,0.892720360149764,89
54,0.932567140552588,89
55,1.12513229176191,89
58,1.22464502437404,89
61,0.793129191353173,89
63,1.31624639261894,89
65,0.997292342282829,89
67,0.729468803021465,89
68,1.07700502720235,89
71,1.43421953933006,89
74,0.798481917944026,89
77,1.42667795406514,89
78,0.95059007226487,89
82,0.600635722431893,89
83,1.28028439811815,89
85,1.10692323197829,89
86,0.975038379206184,89
89,1.39374988308813,89
90,2.12463035267833,89
95,1.19055244424031,89
96,1.35710437864523,89
100,0.974309193102501,89
2,0.803359955949311,90
3,1.22231628545162,90
4,0.591824831528268,90
5,1.42245861178333,90
7,0.481392718073752,90
9,1.23099871256509,90
10,1.25335748895185,90
11,1.21142069293809,90
12,1.10731257103401,90
17,0.667290257475076,90
20,0.62733615453136,90
22,0.99330761566876,90
23,1.03682170995553,90
24,1.56951926718882,90
26,1.23933199866552,90
27,0.914611052640395,90
28,1.93577734395149,90
29,1.04186678990876,90
32,1.36629611404617,90
36,4.1593510087539,90
38,1.07619968920885,90
39,0.700242075139474,90
40,1.59866973304637,90
42,1.02044889351739,90
44,0.583686436594293,90
46,2.51759488053741,90
50,0.582127526987627,90
52,0.821425030982913,90
53,0.884538698979935,90
54,0.904292012760357,90
55,1.10925302209011,90
58,1.21260324660766,90
61,0.752946502276707,90
63,1.35347661516473,90
65,0.991539077265449,90
67,0.741462833222482,90
68,1.01295639153702,90
71,1.44678001987278,90
74,0.823795452011516,90
77,1.41612395097386,90
78,0.900364268666192,90
82,0.576102538121542,90
83,1.26556261056882,90
85,1.09578108870326,90
86,0.928707680887021,90
89,1.35072094005905,90
90,2.07412099738325,90
95,1.12042147594667,90
96,1.32004507351017,90
100,0.998711854477906,90
2,0.766033826839351,91
3,1.51988113278549,91
4,0.596502871927825,91
5,1.31241504012605,91
7,0.458269480601378,91
9,1.21649476910441,91
10,1.28578106502475,91
11,1.20608740451083,91
12,1.14230478263536,91
17,0.663933327212622,91
20,0.630138512486579,91
22,1.02421181125944,91
23,1.0624139933068,91
24,1.54791618970661,91
26,1.18302819745392,91
27,0.828261503217475,91
28,1.90812160176767,91
29,1.00082181759891,91
32,1.35524418200793,91
36,4.36008793603197,91
38,0.995887147132511,91
39,0.625723526957096,91
40,1.46070731377502,91
42,1.01876151724109,91
44,0.56193400838806,91
46,2.61495598827245,91
50,0.562759201837704,91
52,0.793558054115327,91
53,0.858432362133883,91
54,0.91368064926524,91
55,1.07974334726459,91
58,1.1901698188114,91
61,0.722044192996027,91
63,1.33664895448298,91
65,0.999318511380227,91
67,0.799432284659435,91
68,0.973292305111139,91
71,1.37463391811201,91
74,0.888305791636867,91
77,1.39684670188763,91
78,0.884670930411957,91
82,0.555204892017797,91
83,1.2526089080576,91
85,1.08123343905683,91
86,0.8815121475701,91
89,1.28391993529116,91
90,1.99881164946148,91
95,1.03152166187609,91
96,1.27780518719781,91
100,1.00819081972567,91
2,0.765680466609803,92
3,1.46589833961778,92
4,0.584175569379416,92
5,1.26915078549351,92
7,0.440632944783221,92
9,1.20961036871015,92
10,1.30612821934992,92
11,1.20500953050691,92
12,1.05991865122346,92
17,0.659502392923168,92
20,0.645067326696559,92
22,1.05838001594222,92
23,1.11224636278633,92
24,1.50102579220941,92
26,1.16599559209857,92
27,0.783664257799814,92
28,1.89811028901531,92
29,0.981794913103694,92
32,1.35054719392991,92
36,4.42165672527932,92
38,0.922618173270324,92
39,0.570294193576438,92
40,1.40824856456515,92
42,1.04623648481712,92
44,0.559139915245651,92
46,2.68504916624255,92
50,0.541786773993106,92
52,0.77291601819027,92
53,0.851079790548541,92
54,0.945388763802236,92
55,1.06326508375653,92
58,1.18269139004695,92
61,0.70338996238064,92
63,1.29946249299536,92
65,0.989060279574177,92
67,0.624404731267161,92
68,0.958490646577293,92
71,1.35355893495836,92
74,1.02341679660397,92
77,1.38101291031813,92
78,0.903613687088077,92
82,0.540967498502461,92
83,1.23360438191185,92
85,1.06637462618775,92
86,0.851506019207188,92
89,1.29183372484541,92
90,1.90900883918257,92
95,0.938263883342469,92
96,1.21594403783824,92
100,0.993869316242899,92
2,0.771964870929279,93
3,1.27344114204696,93
4,0.574845273048569,93
5,1.23069174207783,93
7,0.454800920491197,93
9,1.22580284282764,93
10,1.26972308501153,93
11,1.20684186925387,93
12,0.98051713581036,93
17,0.650445812567483,93
20,0.642711206340594,93
22,1.08303233000901,93
23,1.15829585612829,93
24,1.37593093654939,93
26,1.13999496233941,93
27,0.798563337755891,93
28,1.90051886400568,93
29,0.989809532345723,93
32,1.34141156897136,93
36,4.31126988621571,93
38,0.900997994224651,93
39,0.517135184208407,93
40,1.41625072597919,93
42,1.06071517756275,93
44,0.574654229192332,93
46,2.62177061769822,93
50,0.536165865708477,93
52,0.767339405846924,93
53,0.897960110786678,93
54,0.946052489431878,93
55,1.12616443614948,93
58,1.15414229954456,93
61,0.709237185903359,93
63,1.28461276023448,93
65,0.951868469850157,93
67,0.52425782062837,93
68,0.943952663699438,93
71,1.32266203733604,93
74,0.990015759325746,93
77,1.30880396771946,93
78,0.886703654557166,93
82,0.544062560339263,93
83,1.22748606408116,93
85,1.05246333937081,93
86,0.80185410636346,93
89,1.29682945190878,93
90,1.86418106938199,93
95,0.882454960229019,93
96,1.13460965167156,93
100,0.904126803982895,93
2,0.766803415064283,94
3,1.31073298420862,94
4,0.545946346155892,94
5,1.20566284639916,94
7,0.450557764119992,94
9,1.24716377595229,94
10,1.2001625298542,94
11,1.17504602123744,94
12,0.926234826900358,94
17,0.627139981816933,94
20,0.628978504364827,94
22,1.09385872597312,94
23,1.1052687745398,94
24,1.32037289149278,94
26,1.09284972740539,94
27,0.829176149242482,94
28,1.927398363287,94
29,0.986720731654944,94
32,1.33361651958489,94
36,4.2187439412738,94
38,0.897378461139516,94
39,0.511733038102728,94
40,1.40082600568315,94
42,1.00470221858562,94
44,0.582973527391698,94
46,2.65813348134512,94
50,0.519234984683265,94
52,0.757647800809283,94
53,0.935851168148042,94
54,0.89718622528259,94
55,1.16001585552978,94
58,1.15960937396704,94
61,0.721086402210697,94
63,1.2025894045307,94
65,0.914412336973731,94
67,0.495872407965287,94
68,0.925227922566319,94
71,1.29947759242143,94
74,0.889827608060116,94
77,1.26972507936612,94
78,0.82154401028361,94
82,0.553085831085563,94
83,1.22109723097718,94
85,1.04641326427645,94
86,0.721547620150806,94
89,1.25692624284285,94
90,1.85926747406011,94
95,0.829629291893231,94
96,1.04837830735684,94
100,0.86677514824969,94
2,0.733553304388785,95
3,1.44101194111964,95
4,0.514534288381089,95
5,1.22436447885516,95
7,0.431272824875205,95
9,1.26957320857993,95
10,1.0989190754072,95
11,1.09283176585538,95
12,0.797938838675937,95
17,0.625318687387708,95
20,0.598670341074163,95
22,0.981330173862694,95
23,0.960564097043814,95
24,1.29485999118349,95
26,1.03249725967356,95
27,0.819584660161342,95
28,1.94076405830708,95
29,1.00579501556874,95
32,1.28683147795734,95
36,3.93617136546051,95
38,0.882193787860664,95
39,0.57139470464793,95
40,1.3319410230477,95
42,0.900272199016257,95
44,0.559870282389482,95
46,2.68897705520875,95
50,0.504588215114426,95
52,0.742597830912483,95
53,0.931174315316149,95
54,0.836229052274893,95
55,1.15999932978978,95
58,1.16632401055715,95
61,0.723013975381682,95
63,1.15836632101727,95
65,0.90075813731306,95
67,0.485049535477906,95
68,0.898402606628726,95
71,1.30994987039218,95
74,0.752384447047675,95
77,1.22220977450298,95
78,0.8285885986379,95
82,0.553955056619184,95
83,1.21599928435061,95
85,1.04088023756903,95
86,0.699354126951889,95
89,1.26748433305276,95
90,1.86761374924609,95
95,0.803434205451357,95
96,0.966895247510452,95
100,0.8519424023138,95
2,0.732917972609891,96
3,1.17639884243438,96
4,0.443824766661242,96
5,1.2180886753443,96
7,0.444706798339651,96
9,1.26161290033912,96
10,0.994172480899956,96
11,0.973740426785838,96
12,0.734981322181865,96
17,0.628777056398793,96
20,0.594830846820418,96
22,0.947329668172937,96
23,0.852654119524851,96
24,1.1047127298226,96
26,0.889460308409667,96
27,0.76136656131287,96
28,1.92308656773882,96
29,0.988240270155934,96
32,1.18351704326466,96
36,3.61234275914296,96
38,0.896626488480071,96
39,0.646766569389028,96
40,1.33294466298811,96
42,0.716349606656899,96
44,0.527556769623773,96
46,2.58138733040844,96
50,0.508869370364881,96
52,0.692606388112,96
53,0.803481388883697,96
54,0.786734032224441,96
55,0.960367305809331,96
58,1.15341957661038,96
61,0.683758178578757,96
63,1.1409778310966,96
65,0.908278983670241,96
67,0.449498855625073,96
68,0.770151435836639,96
71,1.30248282680701,96
74,0.72493049817404,96
77,1.14529363269597,96
78,0.804120751388349,96
82,0.558234883757456,96
83,1.20000189711838,96
85,1.03165215365147,96
86,0.76875194675403,96
89,1.27028938184047,96
90,1.79286123242875,96
95,0.809131973927931,96
96,1.13317041429818,96
100,0.806283490478226,96
2,0.681621081625586,97
3,0.880716243090406,97
4,0.386162691546422,97
5,1.22353751929152,97
7,0.418473828956139,97
9,1.13469116661819,97
10,0.977747532124221,97
11,0.790580099376118,97
12,0.723876899605644,97
17,0.625183498133893,97
20,0.542009029562306,97
22,0.910599224268617,97
23,0.853179826386553,97
24,0.992650066558314,97
26,0.739736382327162,97
27,0.611434422223698,97
28,1.83813248562652,97
29,0.974386584733155,97
32,0.984827471001088,97
36,3.76433923457842,97
38,0.907007072163417,97
39,0.645726866236717,97
40,1.41881013038173,97
42,0.596820978861088,97
44,0.52430796180991,97
46,2.55862954702823,97
50,0.523483980636369,97
52,0.62784870544141,97
53,0.705033170681808,97
54,0.772982111902957,97
55,0.847860898988876,97
58,1.12634597270872,97
61,0.631346620073025,97
63,1.11279935482331,97
65,0.839665177284636,97
67,0.395745852701274,97
68,0.546655073865732,97
71,1.24352395112512,97
74,0.671755333002307,97
77,1.05389482159424,97
78,0.768113327936117,97
82,0.532716281952295,97
83,1.17916905038219,97
85,1.01753033375822,97
86,0.735311756368125,97
89,1.04338899581429,97
90,1.41203017963299,97
95,0.773688901563328,97
96,0.994763700420765,97
100,0.725989685510819,97
2,0.584602747363683,98
3,0.726880709526198,98
4,0.337744195913388,98
5,1.21177084367309,98
7,0.365460698038572,98
9,1.02047996222605,98
10,0.928345165682005,98
11,0.582482127567488,98
12,0.74851094878877,98
17,0.617061201466182,98
20,0.544865788586753,98
22,0.855306260223789,98
23,0.831570947883384,98
24,0.984348318096957,98
26,0.603036848413955,98
27,0.437658084677376,98
28,1.53580801143888,98
29,0.842666212150116,98
32,0.602114915577149,98
36,3.84926299282914,98
38,1.04354622003296,98
39,0.416626594605281,98
40,1.26268230947671,98
42,0.403161377129665,98
44,0.451572218139799,98
46,2.34516578573603,98
50,0.495022066909597,98
52,0.547416227248659,98
53,0.702280424112359,98
54,0.774138627850895,98
55,0.536665718978409,98
58,1.06820639710685,98
61,0.456317543030882,98
63,1.12358852739077,98
65,0.616661163997446,98
67,0.356546166350708,98
68,0.654596092854444,98
71,1.1739906861756,98
74,0.511370521126503,98
77,1.08531065133861,98
78,0.695141455253442,98
82,0.476600344114783,98
83,1.16448548101243,98
85,0.927062742781103,98
86,0.648638541317056,98
89,0.791850726840436,98
90,0.846624142513414,98
95,0.634774856867577,98
96,0.979915721841339,98
100,0.637284001253294,98
2,0.52503913760213,99
3,0.691862200304919,99
4,0.265766452928253,99
5,0.987666507767206,99
7,0.354799333801014,99
9,0.883721046220915,99
10,0.65881232640222,99
11,0.435730336899925,99
12,0.758836095956799,99
17,0.551686855352759,99
20,0.462890472501436,99
22,0.749187766758154,99
23,0.781002111615573,99
24,1.00710091074771,99
26,0.639430014658177,99
27,0.366068265618683,99
28,1.33746775103994,99
29,0.743837150229314,99
32,0.441441820368967,99
36,2.7739047090161,99
38,0.664694287814638,99
39,0.369053010676645,99
40,1.31920807791556,99
42,0.275579332998934,99
44,0.430626759951656,99
46,1.83976534945357,99
50,0.462047770127024,99
52,0.414620366877662,99
53,0.674683357989136,99
54,0.626274695273487,99
55,0.556647042328554,99
58,0.995973882764787,99
61,0.471926590792116,99
63,1.0367770145489,99
65,0.517098271403357,99
67,0.31170833231624,99
68,0.65765513081524,99
71,1.1955451813119,99
74,0.370842657237018,99
77,1.11391183485253,99
78,0.686990643047002,99
82,0.504025508543229,99
83,1.12842665028927,99
85,0.868942841662801,99
86,0.447350961023204,99
89,0.472096958069559,99
90,0.810750077737868,99
95,0.581925673511103,99
96,0.971426296981491,99
100,0.5569399888871,99
2,0.275825909495403,100
3,0.341673276901315,100
4,0.187388815816898,100
5,0.881565873635003,100
7,0.201877045948095,100
9,0.350202488634114,100
10,0.354837971817197,100
11,0.274188526498454,100
12,0.369641694692116,100
17,0.367424252698836,100
20,0.318476188109956,100
22,0.362200262127431,100
23,0.406305276912369,100
24,0.388177313075767,100
26,0.261164287072993,100
27,0.19201941314397,100
28,0.610427693551686,100
29,0.348860876678677,100
32,0.176382889195886,100
36,1.07501922254093,100
38,0.392799843159607,100
39,0.274093863730988,100
40,0.375217669548248,100
42,0.24757376963408,100
44,0.313152890696665,100
46,0.189133081488692,100
50,0.304679926661245,100
52,0.254017576595367,100
53,0.558954834162542,100
54,0.402922504291191,100
55,0.337502236357864,100
58,0.248839939914901,100
61,0.319014959834066,100
63,0.735209571228335,100
65,0.386184192426276,100
67,0.237481307212646,100
68,0.118980872607515,100
71,0.910012142102211,100
74,0.213305529430988,100
77,0.455689708452673,100
78,0.395944148040887,100
82,0.346380521877,100
83,1.04929874815441,100
85,0.622214865242577,100
86,0.400756103335435,100
89,0.297321924955076,100
90,0.514439001324786,100
95,0.52812691387426,100
96,0.31578719778904,100
100,0.182436950831893,100
